CSAFP,GEOID,NAME,CBSA_TYPE,ALAND,AWATER,ALAND_SQMI,AWATER_SQMI,INTPTLAT,INTPTLONG                                                                                                             
434,10260,"Adjuntas, PR Micro Area",2,172725728,1051790,66.69,0.406,18.181611,-66.758165
220,10300,"Adrian, MI Micro Area",2,1941336570,30687108,749.554,11.848,41.896019,-84.074307
184,10420,"Akron, OH Metro Area",1,2331567839,62070183,900.223,23.965,41.146639,-81.35011
440,10540,"Albany, OR Metro Area",1,5923493230,50497756,2287.074,19.497,44.488898,-122.537208
104,10580,"Albany-Schenectady-Troy, NY Metro Area",1,7282139776,172580328,2811.65,66.634,42.78792,-73.942348
172,10620,"Albemarle, NC Micro Area",2,1023370455,25242751,395.126,9.746,35.310449,-80.254374
290,10700,"Albertville, AL Micro Area",2,1465528724,148498594,565.844,57.336,34.309564,-86.321668
106,10740,"Albuquerque, NM Metro Area",1,24043350981,32136080,9283.19,12.408,35.123489,-106.458368
142,10760,"Alexander City, AL Micro Area",2,1855771079,128817905,716.517,49.737,32.863369,-85.799553
204,10860,"Alice, TX Micro Area",2,2240778091,8739522,865.169,3.374,27.733516,-98.090814
408,10900,"Allentown-Bethlehem-Easton, PA-NJ Metro Area",1,3762639558,58632594,1452.763,22.638,40.789339,-75.398158
394,10940,"Alma, MI Micro Area",2,1472084943,8383160,568.375,3.237,43.292326,-84.60469
108,11100,"Amarillo, TX Metro Area",1,13338874025,87049183,5150.168,33.61,35.248005,-101.90867
218,11180,"Ames, IA Metro Area",1,1483235295,2509634,572.68,0.969,42.037538,-93.466093
104,11220,"Amsterdam, NY Micro Area",2,1044067732,18598434,403.117,7.181,42.900891,-74.435357
258,11420,"Angola, IN Micro Area",2,799725227,35458838,308.776,13.691,41.643467,-85.002405
220,11460,"Ann Arbor, MI Metro Area",1,1828420670,42642348,705.957,16.464,42.252327,-83.844634
118,11540,"Appleton, WI Metro Area",1,2475547183,222404950,955.814,85.871,44.290603,-88.372326
412,11580,"Arcadia, FL Micro Area",2,1649978043,6247257,637.06,2.412,27.190581,-81.806253
490,11640,"Arecibo, PR Metro Area",1,613199240,231835718,236.758,89.512,18.439224,-66.759981
556,11680,"Arkansas City-Winfield, KS Micro Area",2,2915648172,17322934,1125.738,6.688,37.234507,-96.837247
120,11700,"Asheville, NC Metro Area",1,5264421185,21754980,2032.604,8.4,35.595669,-82.681615
360,11740,"Ashland, OH Micro Area",2,1095444134,9962880,422.953,3.847,40.843273,-82.270127
184,11780,"Ashtabula, OH Micro Area",2,1818360011,1724498213,702.073,665.833,41.906637,-80.745592
312,11860,"Atchison, KS Micro Area",2,1116736559,6851102,431.174,2.645,39.532544,-95.313397
174,11940,"Athens, TN Micro Area",2,1114009037,5340571,430.121,2.062,35.424471,-84.619962
206,11980,"Athens, TX Micro Area",2,2263037771,193234810,873.764,74.608,32.211633,-95.853418
122,12020,"Athens-Clarke County, GA Metro Area",1,2654380348,26343696,1024.862,10.171,33.943984,-83.213897
122,12060,"Atlanta-Sandy Springs-Roswell, GA Metro Area",1,22491398238,392840264,8683.978,151.676,33.693728,-84.399911
428,12100,"Atlantic City-Hammonton, NJ Metro Area",1,1438982592,301062779,555.594,116.241,39.469354,-74.633758
426,12120,"Atmore, AL Micro Area",2,2447822304,20797758,945.11,8.03,31.122287,-87.16841
258,12140,"Auburn, IN Micro Area",2,939731978,2657419,362.833,1.026,41.401189,-85.000185
532,12180,"Auburn, NY Micro Area",2,1791190504,445708175,691.583,172.089,43.008546,-76.574587
194,12220,"Auburn-Opelika, AL Metro Area",1,1573550101,21491164,607.551,8.298,32.604064,-85.353048
462,12380,"Austin, MN Micro Area",2,1842332253,617233,711.328,0.238,43.666249,-92.759514
533,12460,"Bainbridge, GA Micro Area",2,1546667779,67329727,597.172,25.996,30.880655,-84.584144
548,12580,"Baltimore-Columbia-Towson, MD Metro Area",1,6737729367,1304256532,2601.452,503.576,39.304361,-76.549501
357,12660,"Baraboo, WI Micro Area",2,2153665639,45713371,831.535,17.65,43.427998,-89.943329
350,12680,"Bardstown, KY Micro Area",2,1081354955,16997387,417.514,6.563,37.803188,-85.465955
148,12700,"Barnstable Town, MA Metro Area",1,1020989901,2360346063,394.206,911.335,41.799014,-70.21188
538,12780,"Bartlesville, OK Micro Area",2,1076019752,22829398,415.454,8.814,36.70438,-95.906155
384,12820,"Bastrop, LA Micro Area",2,2058870205,28878805,794.934,11.15,32.820008,-91.800399
464,12860,"Batavia, NY Micro Area",2,1276698028,6142605,492.936,2.372,43.00091,-78.192778
310,12980,"Battle Creek, MI Metro Area",1,1829198151,31268858,706.257,12.073,42.24299,-85.012385
474,13020,"Bay City, MI Metro Area",1,1145557694,487990588,442.302,188.414,43.699711,-83.978701
288,13060,"Bay City, TX Micro Area",2,2830586532,1345801461,1092.896,519.617,28.77476,-96.001532
339,13100,"Beatrice, NE Micro Area",2,2205275212,22010737,851.462,8.498,40.255234,-96.683453
376,13180,"Beaver Dam, WI Micro Area",2,2267979574,81401509,875.672,31.429,43.422662,-88.704398
144,13260,"Bedford, IN Micro Area",2,1163367128,7122898,449.179,2.75,38.839815,-86.48782
198,13340,"Bellefontaine, OH Micro Area",2,1187337620,21597586,458.434,8.339,40.387553,-83.766343
140,13460,"Bend-Redmond, OR Metro Area",1,7815563218,94755758,3017.606,36.585,43.915118,-121.225575
266,13660,"Big Rapids, MI Micro Area",2,1437745751,41762966,555.117,16.125,43.635295,-85.332751
142,13820,"Birmingham-Hoover, AL Metro Area",1,13674073275,233572192,5279.589,90.183,33.462372,-86.814338
292,13940,"Blackfoot, ID Micro Area",2,5422887230,68487087,2093.789,26.443,43.216357,-112.399206
145,14010,"Bloomington, IL Metro Area",1,4094224599,27362629,1580.789,10.565,40.405593,-88.861307
144,14020,"Bloomington, IN Metro Area",1,2019724936,50070656,779.82,19.332,39.241736,-86.671754
146,14100,"Bloomsburg-Berwick, PA Metro Area",1,1588567016,23674173,613.349,9.141,41.040404,-76.461654
406,14220,"Bogalusa, LA Micro Area",2,1734071719,16460917,669.529,6.356,30.852144,-90.046253
147,14260,"Boise City, ID Metro Area",1,30475522982,170816274,11766.666,65.953,43.006648,-116.141909
206,14300,"Bonham, TX Micro Area",2,2307250942,20847063,890.835,8.049,33.591161,-96.104988
218,14340,"Boone, IA Micro Area",2,1480381942,5358723,571.579,2.069,42.038642,-93.938358
108,14420,"Borger, TX Micro Area",2,2298408148,19507501,887.42,7.532,35.837047,-101.362746
148,14460,"Boston-Cambridge-Newton, MA-NH Metro Area",1,9028338538,2655444985,3485.861,1025.273,42.517606,-71.021993
216,14500,"Boulder, CO Metro Area",1,1881281634,36521204,726.367,14.101,40.09497,-105.397691
150,14540,"Bowling Green, KY Metro Area",1,4182603620,62139212,1614.912,23.992,37.046821,-86.397068
520,14700,"Branson, MO Micro Area",2,2839837525,170804954,1096.467,65.948,36.695008,-93.223561
500,14740,"Bremerton-Silverdale, WA Metro Area",1,1023306116,442189824,395.101,170.73,47.639687,-122.649636
288,14780,"Brenham, TX Micro Area",2,1564249679,46077120,603.96,17.79,30.215075,-96.410272
120,14820,"Brevard, NC Micro Area",2,980105287,5145714,378.421,1.987,35.210079,-82.816653
408,14860,"Bridgeport-Stamford-Norwalk, CT Metro Area",1,1618664433,549280551,624.97,212.078,41.227413,-73.367061
298,15020,"Brookhaven, MS Micro Area",2,1518055421,5309826,586.124,2.05,31.535216,-90.453566
297,15140,"Brownsville, TN Micro Area",2,1380741549,2472509,533.107,0.955,35.585317,-89.281654
154,15180,"Brownsville-Harlingen, TX Metro Area",1,2307897628,998028553,891.084,385.341,26.102923,-97.478958
360,15340,"Bucyrus, OH Micro Area",2,1040619677,2359515,401.786,0.911,40.848524,-82.924783
160,15380,"Buffalo-Cheektowaga-Niagara Falls, NY Metro Area",1,4053477851,2075791687,1565.057,801.468,43.044371,-78.777335
268,15500,"Burlington, NC Metro Area",1,1096654286,28025249,423.421,10.821,36.043954,-79.400573
122,15660,"Calhoun, GA Micro Area",2,921597971,5729801,355.831,2.212,34.509667,-84.873862
548,15680,"California-Lexington Park, MD Metro Area",1,928885370,1050517131,358.645,405.607,38.220289,-76.530384
548,15700,"Cambridge, MD Micro Area",2,1400542024,1145384767,540.752,442.236,38.429196,-76.047433
198,15740,"Cambridge, OH Micro Area",2,1352631185,15666075,522.254,6.049,40.056665,-81.497875
444,15860,"Ca?n City, CO Micro Area",2,3970664546,2235374,1533.082,0.863,38.45517,-105.424958
427,15900,"Canton, IL Micro Area",2,2241880793,43973314,865.595,16.978,40.46524,-90.202269
184,15940,"Canton-Massillon, OH Metro Area",1,2512074440,24849678,969.917,9.595,40.711072,-81.261474
162,15980,"Cape Coral-Fort Myers, FL Metro Area",1,2030703925,1109326687,784.059,428.313,26.559035,-81.891994
164,16020,"Cape Girardeau, MO-IL Metro Area",1,3708758626,72943359,1431.96,28.164,37.325936,-89.762639
456,16180,"Carson City, NV Metro Area",1,374669607,32587484,144.661,12.582,39.15306,-119.747379
168,16300,"Cedar Rapids, IA Metro Area",1,5202648187,29122009,2008.754,11.244,42.086329,-91.631144
122,16340,"Cedartown, GA Micro Area",2,803751977,4688357,310.33,1.81,33.996015,-85.188338
338,16380,"Celina, OH Micro Area",2,1197738404,28425902,462.449,10.975,40.535333,-84.632059
476,16460,"Centralia, IL Micro Area",2,1482448747,9481542,572.377,3.661,38.648106,-88.920488
500,16500,"Centralia, WA Micro Area",2,6223151001,86954130,2402.772,33.573,46.580071,-122.377444
548,16540,"Chambersburg-Waynesboro, PA Metro Area",1,2000052118,1544300,772.224,0.596,39.926685,-77.724497
170,16620,"Charleston, WV Metro Area",1,4519800286,33224908,1745.105,12.828,38.283213,-81.492557
172,16740,"Charlotte-Concord-Gastonia, NC-SC Metro Area",1,13116575726,291051599,5064.338,112.376,35.187295,-80.867491
174,16860,"Chattanooga, TN-GA Metro Area",1,5410303008,126661620,2088.93,48.904,35.049361,-85.361158
176,16980,"Chicago-Naperville-Elgin, IL-IN-WI Metro Area",1,18637776415,6170610454,7196.086,2382.486,41.823521,-87.828297
198,17060,"Chillicothe, OH Micro Area",2,1784986611,9938846,689.187,3.837,39.323818,-83.059581
178,17140,"Cincinnati, OH-KY-IN Metro Area",1,10789164169,191854509,4165.72,74.075,39.069458,-84.427153
185,17380,"Cleveland, MS Micro Area",2,2270541554,75515374,876.661,29.157,33.799139,-90.88412
174,17420,"Cleveland, TN Metro Area",1,1977106779,26871123,763.365,10.375,35.138117,-84.655079
184,17460,"Cleveland-Elyria, OH Metro Area",1,5177922167,5128885835,1999.207,1980.274,41.760392,-81.724217
209,17540,"Clinton, IA Micro Area",2,1799830900,39514681,694.919,15.257,41.898073,-90.534243
188,17580,"Clovis, NM Micro Area",2,3640098102,8190594,1405.45,3.162,34.572984,-103.346055
434,17620,"Coamo, PR Micro Area",2,202052316,38061,78.013,0.015,18.1038,-66.357586
490,17640,"Coco, PR Micro Area",2,179660999,115910809,69.368,44.753,17.971485,-66.262252
518,17660,"Coeur d'Alene, ID Metro Area",1,3205258021,185023431,1237.557,71.438,47.677113,-116.694918
190,17860,"Columbia, MO Metro Area",1,1775563346,14239688,685.549,5.498,38.989861,-92.310202
192,17900,"Columbia, SC Metro Area",1,9590648628,339421964,3702.97,131.052,34.084176,-81.040596
194,17980,"Columbus, GA-AL Metro Area",1,5014750987,61108060,1936.206,23.594,32.436836,-84.900879
294,18020,"Columbus, IN Metro Area",1,1053869826,6814131,406.901,2.631,39.205843,-85.897999
200,18060,"Columbus, MS Micro Area",2,1309077220,28560499,505.438,11.027,33.471424,-88.439723
198,18140,"Columbus, OH Metro Area",1,12423092579,139045726,4796.583,53.686,39.968562,-82.835911
148,18180,"Concord, NH Micro Area",2,2415829018,57547411,932.757,22.219,43.299579,-71.680041
458,18220,"Connersville, IN Micro Area",2,556901556,366408,215.021,0.141,39.639655,-85.185031
236,18500,"Corning, NY Micro Area",2,3601504767,35055663,1390.549,13.535,42.266725,-77.385525
204,18580,"Corpus Christi, TX Metro Area",1,4620019299,1599430927,1783.799,617.544,27.898931,-97.401236
206,18620,"Corsicana, TX Micro Area",2,2614935427,197626095,1009.632,76.304,32.048448,-96.476909
296,18660,"Cortland, NY Micro Area",2,1291815779,7112822,498.773,2.746,42.594039,-76.07624
440,18700,"Corvallis, OR Metro Area",1,1748712527,7740249,675.182,2.989,44.493882,-123.424664
525,18780,"Craig, CO Micro Area",2,12284943876,19803412,4743.244,7.646,40.616358,-108.211099
294,18820,"Crawfordsville, IN Micro Area",2,1306954200,2144021,504.618,0.828,40.040296,-86.892715
142,18980,"Cullman, AL Micro Area",2,1903070708,52424813,734.78,20.241,34.131923,-86.869267
206,19100,"Dallas-Fort Worth-Arlington, TX Metro Area",1,24032805023,924349886,9279.118,356.894,32.822558,-97.025131
174,19140,"Dalton, GA Metro Area",1,1644528658,7253399,634.956,2.801,34.796922,-84.85633
380,19300,"Daphne-Fairhope-Foley, AL Metro Area",1,4117605847,1133109409,1589.817,437.496,30.659218,-87.746067
209,19340,"Davenport-Moline-Rock Island, IA-IL Metro Area",1,5878605797,114209390,2269.742,44.096,41.39168,-90.460076
212,19380,"Dayton, OH Metro Area",1,3320520332,21195961,1282.06,8.184,39.828854,-84.141813
174,19420,"Dayton, TN Micro Area",2,816822292,54464086,315.377,21.029,35.600587,-84.949552
290,19460,"Decatur, AL Metro Area",1,3289461477,119619242,1270.068,46.185,34.489361,-87.097147
258,19540,"Decatur, IN Micro Area",2,878079474,2429955,339.028,0.938,40.745733,-84.93613
422,19660,"Deltona-Daytona Beach-Ormond Beach, FL Metro Area",1,4109449841,1078993994,1586.668,416.602,29.1789,-81.189023
216,19740,"Denver-Aurora-Lakewood, CO Metro Area",1,21615471185,147522081,8345.78,56.959,39.434749,-104.901209
217,19760,"DeRidder, LA Micro Area",2,2997502172,21999001,1157.342,8.494,30.645018,-93.340253
218,19780,"Des Moines-West Des Moines, IA Metro Area",1,7464999164,76328810,2882.252,29.471,41.54486,-93.943487
220,19820,"Detroit-Warren-Dearborn, MI Metro Area",1,10073056582,897251595,3889.229,346.431,42.721848,-83.200846
221,19940,"Dixon, IL Micro Area",2,1877336099,10634483,724.844,4.106,41.747442,-89.299351
222,20020,"Dothan, AL Metro Area",1,4444604585,33322352,1716.071,12.866,31.245525,-85.46919
428,20100,"Dover, DE Metro Area",1,1518568163,549099845,586.322,212.009,39.097088,-75.502982
524,20180,"DuBois, PA Micro Area",2,2964714577,23932649,1144.683,9.24,41.000249,-78.473749
450,20380,"Dunn, NC Micro Area",2,1541116844,16361414,595.029,6.317,35.368635,-78.87161
206,20460,"Durant, OK Micro Area",2,2342528103,102267324,904.455,39.486,33.964004,-96.264137
450,20500,"Durham-Chapel Hill, NC Metro Area",1,4552514254,141061234,1757.736,54.464,35.995536,-79.09699
548,20660,"Easton, MD Micro Area",2,695519250,539405840,268.541,208.266,38.748352,-76.17848
408,20700,"East Stroudsburg, PA Metro Area",1,1575385119,22867226,608.26,8.829,41.05624,-75.329065
232,20740,"Eau Claire, WI Metro Area",1,4263841233,104080394,1646.278,40.186,44.938029,-91.285538
233,20780,"Edwards, CO Micro Area",2,4362804330,18920534,1684.488,7.305,39.626992,-106.695169
288,20900,"El Campo, TX Micro Area",2,2813116790,21288266,1086.151,8.219,29.27848,-96.229674
545,21020,"Elizabeth City, NC Micro Area",2,1850164806,554687567,714.353,214.166,36.265184,-76.260696
350,21060,"Elizabethtown-Fort Knox, KY Metro Area",1,3082762337,72533419,1190.261,28.005,37.73298,-85.972171
515,21140,"Elkhart-Goshen, IN Metro Area",1,1199614707,12423391,463.174,4.797,41.600693,-85.863986
236,21300,"Elmira, NY Metro Area",1,1055038643,8874334,407.353,3.426,42.15528,-76.747179
238,21340,"El Paso, TX Metro Area",1,14461750102,7633683,5583.713,2.947,31.527394,-105.521333
222,21460,"Enterprise, AL Micro Area",2,1758565927,3907189,678.986,1.509,31.402258,-85.989602
240,21500,"Erie, PA Metro Area",1,2069615830,1966184465,799.083,759.148,42.117952,-80.096386
106,21580,"Espa?la, NM Micro Area",2,15179716552,91476917,5860.922,35.319,36.509669,-106.693983
390,21900,"Fairmont, WV Micro Area",2,799642461,7186185,308.744,2.775,39.505839,-80.243402
244,22020,"Fargo, ND-MN Metro Area",1,7278146637,27038236,2810.108,10.44,46.914859,-96.960183
378,22060,"Faribault-Northfield, MN Micro Area",2,1284224027,52057387,495.842,20.099,44.350943,-93.298503
476,22100,"Farmington, MO Micro Area",2,1170437420,7160607,451.908,2.765,37.810707,-90.473868
246,22180,"Fayetteville, NC Metro Area",1,2700409594,19360709,1042.634,7.475,35.037956,-78.982209
456,22280,"Fernley, NV Micro Area",2,5183173279,59602530,2001.234,23.013,39.022213,-119.197425
248,22300,"Findlay, OH Micro Area",2,1376210232,5959837,531.358,2.301,41.000471,-83.666034
220,22420,"Flint, MI Metro Area",1,1649726963,32695696,636.963,12.624,43.021077,-83.706372
368,22620,"Forrest City, AR Micro Area",2,1644132565,20028723,634.803,7.733,35.014026,-90.742138
290,22840,"Fort Payne, AL Micro Area",2,2012676476,4121538,777.099,1.591,34.460929,-85.803992
217,22860,"Fort Polk South, LA Micro Area",2,3439275960,35153783,1327.912,13.573,31.110563,-93.18152
258,23060,"Fort Wayne, IN Metro Area",1,3524916099,18669919,1360.978,7.208,41.006999,-85.216424
320,23140,"Frankfort, IN Micro Area",2,1049119206,461117,405.067,0.178,40.305944,-86.477567
336,23180,"Frankfort, KY Micro Area",2,1060846692,17337104,409.595,6.694,38.120504,-84.938336
466,23300,"Freeport, IL Micro Area",2,1462175613,1385929,564.549,0.535,42.349726,-89.665994
420,23340,"Fremont, NE Micro Area",2,1370405061,35956200,529.116,13.883,41.577008,-96.645853
260,23420,"Fresno, CA Metro Area",1,15431410219,137339029,5958.101,53.027,36.761006,-119.655019
273,23500,"Gaffney, SC Micro Area",2,1017382887,11701702,392.814,4.518,35.049796,-81.607647
264,23540,"Gainesville, FL Metro Area",1,3172106414,257163258,1224.757,99.291,29.677957,-82.479869
122,23580,"Gainesville, GA Metro Area",1,1017805267,94061469,392.977,36.317,34.317569,-83.8185
206,23620,"Gainesville, TX Micro Area",2,2265775270,61333916,874.821,23.681,33.639196,-97.210343
456,23820,"Gardnerville Ranchos, NV Micro Area",2,1838170316,72317570,709.722,27.922,38.905129,-119.609019
396,23860,"Georgetown, SC Micro Area",2,2107183535,572535186,813.588,221.057,33.417531,-79.296333
276,23900,"Gettysburg, PA Metro Area",1,1343396471,7887889,518.688,3.046,39.869471,-77.21773
150,23980,"Glasgow, KY Micro Area",2,2012911615,36259921,777.19,14,36.967571,-85.815497
104,24020,"Glens Falls, NY Metro Area",1,4398868111,204809825,1698.413,79.078,43.44045,-73.636757
233,24060,"Glenwood Springs, CO Micro Area",2,10148200672,27880772,3918.242,10.765,39.509542,-107.667311
104,24100,"Gloversville, NY Micro Area",2,1283234678,96916405,495.46,37.42,43.115609,-74.423678
266,24340,"Grand Rapids-Wyoming, MI Metro Area",1,6914214087,2930709937,2669.593,1131.553,42.978632,-85.811208
106,24380,"Grants, NM Micro Area",2,11758240020,5819738,4539.882,2.247,34.93205,-108.000374
366,24420,"Grants Pass, OR Metro Area",1,4244087614,5629244,1638.651,2.173,42.386981,-123.571626
216,24540,"Greeley, CO Metro Area",1,10323705895,79558079,3986.005,30.718,40.555961,-104.383666
267,24580,"Green Bay, WI Metro Area",1,4843257876,2535275367,1869.992,978.875,44.474021,-87.996151
521,24640,"Greenfield Town, MA Micro Area",2,1810952650,65556538,699.213,25.312,42.584504,-72.591792
268,24660,"Greensboro-High Point, NC Metro Area",1,5163694283,69014578,1993.714,26.647,36.025204,-79.792633
294,24700,"Greensburg, IN Micro Area",2,964946087,1955470,372.568,0.755,39.30598,-85.499831
274,24780,"Greenville, NC Metro Area",1,1689619168,8248766,652.366,3.185,35.592965,-77.373138
212,24820,"Greenville, OH Micro Area",2,1549071817,4245786,598.1,1.639,40.131542,-84.621248
273,24860,"Greenville-Anderson-Mauldin, SC Metro Area",1,7021034582,200416596,2710.837,77.381,34.683709,-82.413423
273,24940,"Greenwood, SC Micro Area",2,2448083784,74352974,945.21,28.708,34.190755,-82.296677
490,25020,"Guayama, PR Metro Area",1,327893169,235862233,126.6,91.067,17.979155,-66.069473
548,25180,"Hagerstown-Martinsburg, MD-WV Metro Area",1,2017375971,25865750,778.913,9.987,39.542152,-77.899767
406,25220,"Hammond, LA Metro Area",1,2049488093,136678798,791.312,52.772,30.62158,-90.406633
546,25260,"Hanford-Corcoran, CA Metro Area",1,3598593366,5453080,1389.425,2.105,36.072478,-119.81553
448,25300,"Hannibal, MO Micro Area",2,2348355014,55510742,906.705,21.433,39.664115,-91.579179
276,25420,"Harrisburg-Carlisle, PA Metro Area",1,4200971843,108892328,1622.004,42.044,40.335924,-77.050475
277,25500,"Harrisonburg, VA Metro Area",1,2245589018,11041772,867.027,4.263,38.507585,-78.885321
278,25540,"Hartford-West Hartford-East Hartford, CT Metro Area",1,3923284394,238356904,1514.789,92.03,41.718601,-72.573942
482,25720,"Heber, UT Micro Area",2,3048467979,79114523,1177.02,30.546,40.334884,-111.161568
450,25780,"Henderson, NC Micro Area",2,653705784,42187365,252.397,16.289,36.365481,-78.405434
280,25860,"Hickory-Lenoir-Morganton, NC Metro Area",1,4246271615,75129139,1639.495,29.008,35.814667,-81.457067
496,25980,"Hinesville, GA Metro Area",1,2373142505,233264918,916.275,90.064,31.778788,-81.57648
266,26090,"Holland, MI Micro Area",2,2137372873,2610825889,825.244,1008.046,42.595787,-86.634745
284,26300,"Hot Springs, AR Metro Area",1,1755290919,147383373,677.722,56.905,34.578852,-93.146932
288,26420,"Houston-The Woodlands-Sugar Land, TX Metro Area",1,21408213717,3051205948,8265.758,1178.077,29.749593,-95.353642
104,26460,"Hudson, NY Micro Area",2,1643778340,35063763,634.666,13.538,42.247729,-73.626806
258,26540,"Huntington, IN Micro Area",2,991057049,13133342,382.649,5.071,40.826394,-85.478597
170,26580,"Huntington-Ashland, WV-KY-OH Metro Area",1,6545979400,91813112,2527.417,35.449,38.373691,-82.385193
290,26620,"Huntsville, AL Metro Area",1,3526423249,151106959,1361.56,58.343,34.783262,-86.734871
288,26660,"Huntsville, TX Micro Area",2,3827947796,97105818,1477.979,37.493,30.909844,-95.36929
378,26780,"Hutchinson, MN Micro Area",2,1272940264,36370228,491.485,14.043,44.821657,-94.272323
292,26820,"Idaho Falls, ID Metro Area",1,13458001816,125281729,5196.164,48.372,43.620423,-112.420919
430,26860,"Indiana, PA Micro Area",2,2142009116,18802621,827.034,7.26,40.651432,-79.087545
294,26900,"Indianapolis-Carmel-Anderson, IN Metro Area",1,11153700745,88675106,4306.468,34.238,39.744932,-86.204541
185,26940,"Indianola, MS Micro Area",2,1807187009,23747315,697.759,9.169,33.605529,-90.59509
266,26960,"Ionia, MI Micro Area",2,1479659350,22641874,571.3,8.742,42.94465,-85.073766
168,26980,"Iowa City, IA Metro Area",1,3063621649,28926622,1182.871,11.169,41.517806,-91.64793
296,27060,"Ithaca, NY Metro Area",1,1229335996,43792937,474.649,16.909,42.453006,-76.473483
298,27140,"Jackson, MS Metro Area",1,12038118129,211230846,4647.944,81.557,32.316001,-90.22084
297,27180,"Jackson, TN Metro Area",1,2870721122,5000119,1108.392,1.931,35.610789,-88.854393
300,27260,"Jacksonville, FL Metro Area",1,8293703814,1285182668,3202.217,496.212,30.237105,-81.755235
522,27300,"Jacksonville, IL Micro Area",2,2123056160,13877698,819.717,5.358,39.69395,-90.285047
540,27380,"Jacksonville, TX Micro Area",2,2727141725,23873001,1052.955,9.217,31.843872,-95.156345
357,27500,"Janesville-Beloit, WI Metro Area",1,1859979851,20695904,718.142,7.991,42.66988,-89.075284
122,27600,"Jefferson, GA Micro Area",2,879710263,8907131,339.658,3.439,34.130881,-83.562566
324,27660,"Jennings, LA Micro Area",2,1687025362,18718206,651.364,7.227,30.269529,-92.816221
304,27740,"Johnson City, TN Metro Area",1,2211374660,26115866,853.817,10.083,36.265822,-82.332693
306,27780,"Johnstown, PA Metro Area",1,1782804173,13696237,688.345,5.288,40.510312,-78.710463
308,27860,"Jonesboro, AR Metro Area",1,3796014873,27590861,1465.65,10.653,35.69697,-90.650173
309,27900,"Joplin, MO Metro Area",1,3271758239,11950922,1263.233,4.614,37.055546,-94.339736
358,27920,"Junction City, KS Micro Area",2,996280339,51594747,384.666,19.921,39.002156,-96.768037
310,28020,"Kalamazoo-Portage, MI Metro Area",1,3030249395,1295553545,1169.986,500.216,42.268871,-86.037373
176,28100,"Kankakee, IL Metro Area",1,1752331448,12418602,676.579,4.795,41.13951,-87.861117
312,28140,"Kansas City, MO-KS Metro Area",1,18794074725,302687484,7256.433,116.868,38.931849,-94.443824
258,28340,"Kendallville, IN Micro Area",2,1064071452,17074609,410.84,6.593,41.40468,-85.417271
545,28620,"Kill Devil Hills, NC Micro Area",2,2004633358,3535117730,773.993,1364.917,35.697103,-75.834668
304,28700,"Kingsport-Bristol-Bristol, TN-VA Metro Area",1,5206790370,96171456,2010.353,37.132,36.604161,-82.440145
408,28740,"Kingston, NY Metro Area",1,2911757797,94596954,1124.236,36.524,41.947212,-74.265458
204,28780,"Kingsville, TX Micro Area",2,6059947945,1803251192,2339.759,696.239,27.113943,-97.568508
314,28940,"Knoxville, TN Metro Area",1,9067046602,386039859,3500.806,149.051,36.044462,-84.136114
316,29020,"Kokomo, IN Metro Area",1,758866967,2386193,293,0.921,40.483537,-86.114118
148,29060,"Laconia, NH Micro Area",2,1040130767,177190123,401.597,68.413,43.519109,-71.425366
318,29180,"Lafayette, LA Metro Area",1,8828893578,2348850391,3408.855,906.896,29.957773,-92.04935
320,29200,"Lafayette-West Lafayette, IN Metro Area",1,3308809086,18731443,1277.538,7.232,40.514717,-86.930475
122,29300,"LaGrange, GA Micro Area",2,1072272397,82763611,414.007,31.955,33.034482,-85.02836
324,29340,"Lake Charles, LA Metro Area",1,6084375069,1765731267,2349.19,681.753,29.978755,-93.253243
264,29380,"Lake City, FL Micro Area",2,2065628007,9773963,797.543,3.774,30.221333,-82.623168
332,29420,"Lake Havasu City-Kingman, AZ Metro Area",1,34475503964,387344307,13311.067,149.554,35.717705,-113.749689
330,29620,"Lansing-East Lansing, MI Metro Area",1,4397045824,44037528,1697.709,17.003,42.713659,-84.605372
238,29740,"Las Cruces, NM Metro Area",1,9863129996,17627587,3808.176,6.806,32.34992,-106.834969
106,29780,"Las Vegas, NM Micro Area",2,12230067556,51380263,4722.056,19.838,35.476859,-104.803519
332,29820,"Las Vegas-Henderson-Paradise, NV Metro Area",1,20439281450,438376844,7891.651,169.258,36.214257,-115.013812
246,29900,"Laurinburg, NC Micro Area",2,826556054,3841985,319.135,1.483,34.840023,-79.477337
312,29940,"Lawrence, KS Metro Area",1,1180628927,48674249,455.843,18.793,38.896417,-95.290947
400,29980,"Lawrenceburg, TN Micro Area",2,1598356130,2228678,617.129,0.86,35.220476,-87.396546
276,30140,"Lebanon, PA Metro Area",1,937138344,1727921,361.831,0.667,40.371559,-76.46487
352,30220,"Levelland, TX Micro Area",2,2352723906,446119,908.392,0.172,33.605932,-102.343398
146,30260,"Lewisburg, PA Micro Area",2,818323459,4639329,315.956,1.791,40.962179,-77.055475
400,30280,"Lewisburg, TN Micro Area",2,972442316,1801922,375.462,0.696,35.468343,-86.765865
438,30340,"Lewiston-Auburn, ME Metro Area",1,1211961731,75575386,467.941,29.18,44.167681,-70.207435
336,30460,"Lexington-Fayette, KY Metro Area",1,3803531025,40705002,1468.552,15.716,38.102876,-84.438545
338,30620,"Lima, OH Metro Area",1,1042470095,11266164,402.5,4.35,40.771627,-84.106103
522,30660,"Lincoln, IL Micro Area",2,1600758859,2252736,618.056,0.87,40.129122,-89.365307
339,30700,"Lincoln, NE Metro Area",1,3649243155,34415097,1408.981,13.288,40.817458,-96.868743
340,30780,"Little Rock-North Little Rock-Conway, AR Metro Area",1,10579286142,294852296,4084.685,113.843,34.755773,-92.400589
558,30820,"Lock Haven, PA Micro Area",2,2299868230,23178794,887.984,8.949,41.245301,-77.649141
170,30880,"Logan, WV Micro Area",2,1175209778,4830034,453.751,1.865,37.830591,-81.940853
346,30980,"Longview, TX Metro Area",1,4611066616,68442649,1780.343,26.426,32.364601,-94.819897
440,31020,"Longview, WA Metro Area",1,2953721040,67320045,1140.438,25.992,46.196785,-122.67846
106,31060,"Los Alamos, NM Micro Area",2,282821648,229869,109.198,0.089,35.870047,-106.307968
348,31080,"Los Angeles-Long Beach-Anaheim, CA Metro Area",1,12558980980,2201709418,4849.05,850.085,34.109024,-118.182549
350,31140,"Louisville/Jefferson County, KY-IN Metro Area",1,9268392025,159998880,3578.546,61.776,38.33524,-85.668941
352,31180,"Lubbock, TX Metro Area",1,6961031108,21249032,2687.669,8.204,33.470327,-101.648825
246,31300,"Lumberton, NC Micro Area",2,2453425443,5097482,947.273,1.968,34.63921,-79.100881
356,31420,"Macon-Bibb County, GA Metro Area",1,4461694784,38878472,1722.67,15.011,32.856197,-83.714313
260,31460,"Madera, CA Metro Area",1,5534850492,42012923,2137.018,16.221,37.209821,-119.749802
350,31500,"Madison, IN Micro Area",2,934033957,5843999,360.633,2.256,38.783604,-85.44009
357,31540,"Madison, WI Metro Area",1,8569573743,200364305,3308.731,77.361,43.084288,-89.597178
284,31680,"Malvern, AR Micro Area",2,1593376791,18038347,615.206,6.965,34.315177,-92.944147
148,31700,"Manchester-Nashua, NH Metro Area",1,2269883907,41627731,876.407,16.073,42.911532,-71.723055
358,31740,"Manhattan, KS Metro Area",1,3756784559,85991496,1450.503,33.202,39.341053,-96.509902
359,31860,"Mankato-North Mankato, MN Metro Area",1,3098752003,93549689,1196.435,36.12,44.15481,-94.147801
360,31900,"Mansfield, OH Metro Area",1,1282720846,12470881,495.261,4.815,40.774159,-82.542781
425,31930,"Marietta, OH Micro Area",2,1636799188,20784929,631.972,8.025,39.450684,-81.490653
280,32000,"Marion, NC Micro Area",2,1139478112,13977177,439.955,5.397,35.682232,-82.048029
198,32020,"Marion, OH Micro Area",2,1045726876,908577,403.757,0.351,40.588034,-83.168803
346,32220,"Marshall, TX Micro Area",2,2330820903,40969486,899.935,15.818,32.547991,-94.374434
362,32280,"Martin, TN Micro Area",2,1503107889,3707115,580.353,1.431,36.303596,-88.721194
364,32420,"Mayag?z, PR Metro Area",1,230559330,508706239,89.019,196.413,18.260656,-67.182623
424,32460,"Mayfield, KY Micro Area",2,1429025286,13047565,551.75,5.038,36.723344,-88.649897
178,32500,"Maysville, KY Micro Area",2,621927922,16277777,240.128,6.285,38.594137,-83.828125
365,32580,"McAllen-Edinburg-Mission, TX Metro Area",1,4068610437,31102594,1570.899,12.009,26.396384,-98.18099
240,32740,"Meadville, PA Micro Area",2,2621846809,65303124,1012.301,25.214,41.687876,-80.107795
366,32780,"Medford, OR Metro Area",1,7208499985,46860048,2783.218,18.093,42.411628,-122.675685
368,32820,"Memphis, TN-MS-AR Metro Area",1,12912730985,317030225,4985.634,122.406,35.008557,-89.821816
232,32860,"Menomonie, WI Micro Area",2,2201882935,35592324,850.152,13.742,44.947745,-91.897661
382,32900,"Merced, CA Metro Area",1,5012175320,112509475,1935.212,43.44,37.194806,-120.722802
554,32980,"Merrill, WI Micro Area",2,2276114436,72463206,878.813,27.978,45.338417,-89.742309
190,33020,"Mexico, MO Micro Area",2,1792880224,11880946,692.235,4.587,39.21448,-91.843415
309,33060,"Miami, OK Micro Area",2,1219467497,35708902,470.839,13.787,36.835764,-94.802681
370,33100,"Miami-Fort Lauderdale-West Palm Beach, FL Metro Area",1,13130269822,2764973315,5069.626,1067.562,26.101828,-80.478755
176,33140,"Michigan City-La Porte, IN Metro Area",1,1549582915,38751745,598.297,14.962,41.549013,-86.744739
474,33220,"Midland, MI Metro Area",1,1337100078,30591264,516.257,11.811,43.648203,-84.379414
372,33260,"Midland, TX Metro Area",1,4701372177,6452583,1815.21,2.491,32.092359,-101.994539
376,33340,"Milwaukee-Waukesha-West Allis, WI Metro Area",1,3767956491,4835745260,1454.816,1867.092,43.01766,-87.481554
206,33420,"Mineral Wells, TX Micro Area",2,2466313772,86141064,952.249,33.259,32.752204,-98.317967
378,33460,"Minneapolis-St. Paul-Bloomington, MN-WI Metro Area",1,19779439185,1250452834,7636.884,482.803,45.061179,-93.3516
190,33620,"Moberly, MO Micro Area",2,1250217889,13254193,482.712,5.117,39.439249,-92.492959
380,33660,"Mobile, AL Metro Area",1,3184127436,1073844850,1229.399,414.614,30.684572,-88.196568
382,33700,"Modesto, CA Metro Area",1,3874634688,46384540,1496.005,17.909,37.562316,-121.002831
384,33740,"Monroe, LA Metro Area",1,3852302939,128907138,1487.383,49.771,32.690477,-92.262793
220,33780,"Monroe, MI Metro Area",1,1423275272,337746237,549.53,130.405,41.916097,-83.487106
404,33980,"Morehead City, NC Micro Area",2,1314749435,2131001182,507.628,822.784,34.858343,-76.53586
318,34020,"Morgan City, LA Micro Area",2,1438845622,1460445312,555.541,563.881,29.629349,-91.463804
390,34060,"Morgantown, WV Metro Area",1,2612979126,21733747,1008.877,8.391,39.525155,-79.801912
314,34100,"Morristown, TN Metro Area",1,1129311851,140067169,436.03,54.08,36.115484,-83.376546
446,34140,"Moscow, ID Micro Area",2,2786482704,2370320,1075.867,0.915,46.81892,-116.730974
393,34180,"Moses Lake, WA Micro Area",2,6939832890,289982469,2679.485,111.963,47.213633,-119.467788
147,34300,"Mountain Home, ID Micro Area",2,7964192255,68555510,3074.992,26.469,43.394698,-115.471205
268,34340,"Mount Airy, NC Micro Area",2,1382436644,10286511,533.762,3.972,36.415416,-80.686463
394,34380,"Mount Pleasant, MI Micro Area",2,1483229495,12959299,572.678,5.004,43.645233,-84.839424
336,34460,"Mount Sterling, KY Micro Area",2,1760542335,23430540,679.749,9.047,38.024349,-83.741009
198,34540,"Mount Vernon, OH Micro Area",2,1361054324,10718576,525.506,4.138,40.40362,-82.422393
500,34580,"Mount Vernon-Anacortes, WA Metro Area",1,4481040001,484058876,1730.139,186.896,48.493292,-121.81577
294,34620,"Muncie, IN Metro Area",1,1015542111,9857909,392.103,3.806,40.227543,-85.399262
209,34700,"Muscatine, IA Micro Area",2,1132977189,30262373,437.445,11.684,41.483776,-91.118699
266,34740,"Muskegon, MI Metro Area",1,1298494539,2482949902,501.352,958.672,43.289258,-86.751892
538,34780,"Muskogee, OK Micro Area",2,2099053124,75966890,810.449,29.331,35.617551,-95.383911
396,34820,"Myrtle Beach-Conway-North Myrtle Beach, SC-NC Metro Area",1,5136467360,832126885,1983.201,321.286,33.969095,-78.612724
488,34900,"Napa, CA Metro Area",1,1938165958,104249021,748.33,40.251,38.5071,-122.325904
162,34940,"Naples-Immokalee-Marco Island, FL Metro Area",1,5176983078,792880431,1998.844,306.133,26.118786,-81.400955
400,34980,"Nashville-Davidson--Murfreesboro--Franklin, TN Metro Area",1,16321874039,197505337,6301.911,76.257,36.088507,-86.726602
404,35100,"New Bern, NC Metro Area",1,3922728790,761539595,1514.574,294.032,35.116829,-77.08132
192,35140,"Newberry, SC Micro Area",2,1631805477,44657974,630.044,17.243,34.28973,-81.600053
294,35220,"New Castle, IN Micro Area",2,1014954735,7655289,391.876,2.956,39.929591,-85.397363
430,35260,"New Castle, PA Micro Area",2,927644463,11783868,358.166,4.55,40.992735,-80.334446
408,35300,"New Haven-Milford, CT Metro Area",1,1565653728,667092277,604.502,257.566,41.349717,-72.900204
406,35380,"New Orleans-Metairie, LA Metro Area",1,8293392917,12101417369,3202.097,4672.384,29.805532,-89.701382
184,35420,"New Philadelphia-Dover, OH Micro Area",2,1469659271,10390938,567.439,4.012,40.447448,-81.471157
314,35460,"Newport, TN Micro Area",2,1125399301,22117950,434.519,8.54,35.916198,-83.119224
218,35500,"Newton, IA Micro Area",2,1891773617,6565650,730.418,2.535,41.685551,-93.054147
359,35580,"New Ulm, MN Micro Area",2,1582659431,18584892,611.068,7.176,44.246541,-94.733647
408,35620,"New York-Newark-Jersey City, NY-NJ-PA Metro Area",1,21478656376,6689442984,8292.956,2582.808,40.898788,-73.90313
515,35660,"Niles-Benton Harbor, MI Metro Area",1,1470473558,2625519926,567.753,1013.719,41.791382,-86.742543
536,35700,"Nogales, AZ Micro Area",2,3203613249,3088046,1236.922,1.192,31.525733,-110.845228
412,35840,"North Port-Sarasota-Bradenton, FL Metro Area",1,3364287703,826404674,1298.959,319.077,27.364247,-82.319337
294,35860,"North Vernon, IN Micro Area",2,975364386,4546211,376.59,1.755,38.996229,-85.628103
184,35940,"Norwalk, OH Micro Area",2,1272965337,8615925,491.495,3.327,41.14508,-82.594641
278,35980,"Norwich-New London, CT Metro Area",1,1722708285,276666169,665.141,106.821,41.472652,-72.108634
500,36020,"Oak Harbor, WA Micro Area",2,539709170,800155316,208.383,308.942,48.158554,-122.670649
428,36140,"Ocean City, NJ Metro Area",1,652640195,953946819,251.986,368.321,39.086142,-74.847716
372,36220,"Odessa, TX Metro Area",1,2325100483,10596946,897.726,4.092,31.865301,-102.542507
482,36260,"Ogden-Clearfield, UT Metro Area",1,18725745332,3639242201,7230.051,1405.119,41.300466,-113.126808
370,36380,"Okeechobee, FL Micro Area",2,1991433070,318578493,768.897,123.004,27.385592,-80.887388
416,36420,"Oklahoma City, OK Metro Area",1,14275040355,181539175,5511.624,70.093,35.430968,-97.506966
160,36460,"Olean, NY Micro Area",2,3388633499,36608250,1308.359,14.135,42.239099,-78.662332
500,36500,"Olympia-Tumwater, WA Metro Area",1,1871173425,133711607,722.464,51.626,46.935822,-122.830152
420,36540,"Omaha-Council Bluffs, NE-IA Metro Area",1,11265960386,148624018,4349.812,57.384,41.290459,-95.99997
147,36620,"Ontario, OR-ID Micro Area",2,26662726489,118044010,10294.537,45.577,43.225869,-117.619933
318,36660,"Opelousas, LA Micro Area",2,2392904508,39047412,923.906,15.076,30.583441,-91.989274
192,36700,"Orangeburg, SC Micro Area",2,2864691029,56516003,1106.063,21.821,33.436135,-80.802913
422,36740,"Orlando-Kissimmee-Sanford, FL Metro Area",1,9016462474,1373339049,3481.276,530.249,28.434348,-81.355876
118,36780,"Oshkosh-Neenah, WI Metro Area",1,1125258751,373232751,434.465,144.106,44.085707,-88.668149
423,36820,"Oskaloosa, IA Micro Area",2,1478527855,6564804,570.863,2.535,41.330797,-92.636366
393,36830,"Othello, WA Micro Area",2,4985663373,12499935,1924.975,4.826,47.011238,-118.512861
312,36840,"Ottawa, KS Micro Area",2,1480855486,13920174,571.762,5.375,38.558019,-95.278962
176,36860,"Ottawa-Peru, IL Micro Area",2,5605590631,76514733,2164.331,29.543,41.35649,-89.173385
330,37020,"Owosso, MI Micro Area",2,1374689328,26342203,530.771,10.171,42.951545,-84.146352
450,37080,"Oxford, NC Micro Area",2,1377849157,14503651,531.991,5.6,36.299884,-78.657634
348,37100,"Oxnard-Thousand Oaks-Ventura, CA Metro Area",1,4773302741,946030569,1842.983,365.264,34.358741,-119.133143
222,37120,"Ozark, AL Micro Area",2,1453311031,4016457,561.127,1.551,31.430654,-85.609476
424,37140,"Paducah, KY-IL Micro Area",2,2708485257,207861174,1045.752,80.256,37.134181,-88.656668
332,37220,"Pahrump, NV Micro Area",2,47090938928,43207981,18181.914,16.683,37.965864,-116.459011
300,37260,"Palatka, FL Micro Area",2,1885167090,256548320,727.867,99.054,29.606006,-81.740894
308,37500,"Paragould, AR Micro Area",2,1496205815,4789586,577.688,1.849,36.120607,-90.566346
425,37620,"Parkersburg-Vienna, WV Metro Area",1,1550793119,33068225,598.765,12.768,39.141517,-81.460419
423,37800,"Pella, IA Micro Area",2,1436124182,41487001,554.491,16.018,41.331455,-93.093849
426,37860,"Pensacola-Ferry Pass-Brent, FL Metro Area",1,4322764344,982779151,1669.029,379.453,30.655401,-87.161828
427,37900,"Peoria, IL Metro Area",1,6391625334,130042628,2467.82,50.21,40.788255,-89.514745
316,37940,"Peru, IN Micro Area",2,968246952,9184624,373.842,3.546,40.772881,-86.044258
428,37980,"Philadelphia-Camden-Wilmington, PA-NJ-DE-MD Metro Area",1,11920554988,693717226,4602.552,267.846,39.89513,-75.312003
406,38100,"Picayune, MS Micro Area",2,2100183723,20778648,810.886,8.023,30.774793,-89.586904
340,38220,"Pine Bluff, AR Metro Area",1,5255857830,143515443,2029.298,55.412,34.081208,-91.945729
430,38300,"Pittsburgh, PA Metro Area",1,13678890317,157993108,5281.449,61.001,40.434338,-79.828061
515,38500,"Plymouth, IN Micro Area",2,1148996723,15831838,443.63,6.113,41.325003,-86.269036
434,38660,"Ponce, PR Metro Area",1,1042475209,557299797,402.502,215.175,18.013799,-66.675082
145,38700,"Pontiac, IL Micro Area",2,2704538434,4401361,1044.228,1.699,40.894376,-88.552852
188,38780,"Portales, NM Micro Area",2,6335224660,18697914,2446.044,7.219,34.021207,-103.483004
534,38840,"Port Clinton, OH Micro Area",2,660091271,855217016,254.863,330.201,41.545495,-83.012613
438,38860,"Portland-South Portland, ME Metro Area",1,5388432321,2011690439,2080.485,776.718,43.651417,-70.418375
440,38900,"Portland-Vancouver-Hillsboro, OR-WA Metro Area",1,17318444987,356536005,6686.689,137.659,45.60062,-122.484346
544,38920,"Port Lavaca, TX Micro Area",2,1312707024,1361884769,506.839,525.827,28.441719,-96.579574
370,38940,"Port St. Lucie, FL Metro Area",1,2888903527,843106933,1115.412,325.525,27.232699,-80.42677
170,39020,"Portsmouth, OH Micro Area",2,1580451539,15363856,610.216,5.932,38.814889,-82.998675
140,39260,"Prineville, OR Micro Area",2,7715298889,21091929,2978.894,8.144,44.163054,-120.371585
148,39300,"Providence-Warwick, RI-MA Metro Area",1,4110458735,1681002286,1587.057,649.039,41.706831,-71.286637
482,39340,"Provo-Orem, UT Metro Area",1,13973678663,400819469,5395.268,154.757,39.872067,-112.359059
444,39380,"Pueblo, CO Metro Area",1,6180089507,30094812,2386.146,11.62,38.170658,-104.489892
446,39420,"Pullman, WA Micro Area",2,5592428648,48281266,2159.249,18.642,46.905944,-117.53539
412,39460,"Punta Gorda, FL Metro Area",1,1764104254,458735963,681.124,177.119,26.868933,-81.941077
448,39500,"Quincy, IL-MO Micro Area",2,3523024921,56685921,1360.248,21.887,40.027125,-91.389778
376,39540,"Racine, WI Metro Area",1,861408885,1190236349,332.592,459.553,42.754123,-87.42084
450,39580,"Raleigh, NC Metro Area",1,5485063049,76967367,2117.795,29.717,35.756746,-78.460441
452,39660,"Rapid City, SD Metro Area",1,20213988388,56100766,7804.665,21.661,44.195108,-102.916612
154,39700,"Raymondville, TX Micro Area",2,1529611927,501715022,590.586,193.713,26.480381,-97.583256
428,39740,"Reading, PA Metro Area",1,2218035729,24256617,856.388,9.366,40.413957,-75.92686
454,39780,"Red Bluff, CA Micro Area",2,7638228772,33767784,2949.137,13.038,40.126157,-122.232274
454,39820,"Redding, CA Metro Area",1,9778230094,186479466,3775.396,72,40.760514,-122.043556
378,39860,"Red Wing, MN Micro Area",2,1960231247,61007223,756.85,23.555,44.406178,-92.716
456,39900,"Reno, NV Metro Area",1,17004061483,623017350,6565.305,240.548,40.500795,-119.731161
292,39940,"Rexburg, ID Micro Area",2,6043028582,93942406,2333.226,36.271,44.142753,-111.508107
458,39980,"Richmond, IN Micro Area",2,1040508996,6732250,401.743,2.599,39.863091,-85.006735
336,40080,"Richmond-Berea, KY Micro Area",2,1952452655,19442315,753.846,7.507,37.57168,-84.296264
365,40100,"Rio Grande City, TX Micro Area",2,3168019245,15346371,1223.179,5.925,26.530903,-98.740235
348,40140,"Riverside-San Bernardino-Ontario, CA Metro Area",1,70612666121,374433231,27263.704,144.569,34.537534,-116.130921
468,40260,"Roanoke Rapids, NC Micro Area",2,3264348875,52967653,1260.372,20.451,36.320576,-77.542757
466,40300,"Rochelle, IL Micro Area",2,1964706939,11425029,758.578,4.411,42.041884,-89.320176
462,40340,"Rochester, MN Metro Area",1,6415412346,75315930,2477.005,29.08,43.949917,-92.335699
464,40380,"Rochester, NY Metro Area",1,8459578202,5126863798,3266.262,1979.493,43.148038,-77.523257
466,40420,"Rockford, IL Metro Area",1,2056788616,18455702,794.131,7.126,42.331183,-89.042914
468,40580,"Rocky Mount, NC Metro Area",1,2708802707,9894909,1045.875,3.82,35.941045,-77.798549
470,40660,"Rome, GA Metro Area",1,1320436485,22382107,509.823,8.642,34.263692,-85.213685
384,40820,"Ruston, LA Micro Area",2,1221806134,1897709,471.742,0.733,32.601823,-92.662303
472,40900,"Sacramento--Roseville--Arden-Arcade, CA Metro Area",1,13194830979,548810483,5094.553,211.897,38.789678,-121.00575
474,40980,"Saginaw, MI Metro Area",1,2073181841,40159474,800.46,15.506,43.328267,-84.05541
378,41060,"St. Cloud, MN Metro Area",1,4535363820,134408586,1751.114,51.895,45.593031,-94.488363
312,41140,"St. Joseph, MO-KS Metro Area",1,4287808936,50894131,1655.532,19.65,39.834843,-94.783754
476,41180,"St. Louis, MO-IL Metro Area",1,20366228920,565735329,7863.445,218.432,38.740372,-90.345956
300,41220,"St. Marys, GA Micro Area",2,1587815888,437170621,613.059,168.793,30.913347,-81.642001
566,41400,"Salem, OH Micro Area",2,1377680388,7255101,531.925,2.801,40.770073,-80.778455
440,41420,"Salem, OR Metro Area",1,4976607906,34707319,1921.479,13.401,44.903385,-122.901757
482,41620,"Salt Lake City, UT Metro Area",1,19901493704,1055947005,7684.01,407.703,40.572887,-112.953253
184,41780,"Sandusky, OH Micro Area",2,651357083,969654879,251.49,374.386,41.554006,-82.525897
450,41820,"Sanford, NC Micro Area",2,660580685,10752017,255.052,4.151,35.476336,-79.172117
488,41860,"San Francisco-Oakland-Hayward, CA Metro Area",1,6398146717,2475560598,2470.338,955.819,37.773718,-122.274432
364,41900,"San Germ?, PR Metro Area",1,572747549,383926537,221.139,148.235,18.033069,-67.103961
488,41940,"San Jose-Sunnyvale-Santa Clara, CA Metro Area",1,6940798801,37997826,2679.858,14.671,36.908472,-121.371372
490,41980,"San Juan-Carolina-Caguas, PR Metro Area",1,3724844577,1458103349,1438.171,562.977,18.294453,-66.036844
488,42100,"Santa Cruz-Watsonville, CA Metro Area",1,1152967426,419570389,445.163,161.997,37.012488,-122.007205
106,42140,"Santa Fe, NM Metro Area",1,4941709205,3537550,1908.005,1.366,35.514324,-105.965771
434,42180,"Santa Isabel, PR Micro Area",2,88144282,111140897,34.033,42.912,17.952922,-66.387588
488,42220,"Santa Rosa, CA Metro Area",1,4081450561,497495823,1575.857,192.084,38.525182,-122.92611
496,42340,"Savannah, GA Metro Area",1,3479880678,585451355,1343.589,226.044,32.109153,-81.273107
174,42460,"Scottsboro, AL Micro Area",2,2791974087,126334708,1077.987,48.778,34.764114,-85.980056
340,42620,"Searcy, AR Micro Area",2,2680852086,18293044,1035.083,7.063,35.255118,-91.753034
500,42660,"Seattle-Tacoma-Bellevue, WA Metro Area",1,15202895519,1136463507,5869.871,438.791,47.490599,-121.833996
370,42680,"Sebastian-Vero Beach, FL Metro Area",1,1302197699,295585012,502.781,114.126,27.700528,-80.574789
146,42780,"Selinsgrove, PA Micro Area",2,851544496,7157948,328.783,2.764,40.755407,-77.072929
273,42860,"Seneca, SC Micro Area",2,1622181422,122207290,626.328,47.185,34.748771,-83.061543
464,42900,"Seneca Falls, NY Micro Area",2,838403626,172828921,323.709,66.73,42.782294,-76.827088
314,42940,"Sevierville, TN Micro Area",2,1534562002,13491054,592.498,5.209,35.80181,-83.515696
294,42980,"Seymour, IN Micro Area",2,1319087093,11923424,509.302,4.604,38.911957,-86.042516
267,43020,"Shawano, WI Micro Area",2,3239644530,60921747,1250.834,23.522,44.851643,-88.745543
416,43060,"Shawnee, OK Micro Area",2,2040060549,14842439,787.672,5.731,35.211393,-96.957007
172,43140,"Shelby, NC Micro Area",2,1202395052,10205340,464.247,3.94,35.33463,-81.557114
400,43180,"Shelbyville, TN Micro Area",2,1226719784,2980756,473.639,1.151,35.51366,-86.458294
500,43220,"Shelton, WA Micro Area",2,2484806998,237381766,959.389,91.654,47.354126,-123.17385
206,43300,"Sherman-Denison, TX Metro Area",1,2415995947,120112446,932.821,46.376,33.624524,-96.675693
212,43380,"Sidney, OH Micro Area",2,1055921780,7808224,407.694,3.015,40.33668,-84.204142
164,43460,"Sikeston, MO Micro Area",2,1087765645,15199712,419.989,5.869,37.047793,-89.568098
512,43580,"Sioux City, IA-NE-SD Metro Area",1,7606373502,56808444,2936.837,21.934,42.580634,-96.376047
306,43740,"Somerset, PA Micro Area",2,2782597159,17002839,1074.367,6.565,39.981297,-79.028486
515,43780,"South Bend-Mishawaka, IN-MI Metro Area",1,2455246507,56251593,947.976,21.719,41.774981,-86.123014
273,43900,"Spartanburg, SC Metro Area",1,3424370024,34016290,1322.157,13.134,34.83462,-81.842401
452,43940,"Spearfish, SD Micro Area",2,2072127374,667509,800.053,0.258,44.348572,-103.805791
518,44060,"Spokane-Spokane Valley, WA Metro Area",1,14611504992,271829178,5641.534,104.954,48.189041,-117.573219
522,44100,"Springfield, IL Metro Area",1,3063280704,25218803,1182.739,9.737,39.828565,-89.696205
521,44140,"Springfield, MA Metro Area",1,2963652907,90949140,1144.273,35.116,42.2478,-72.632047
520,44180,"Springfield, MO Metro Area",1,7787763970,35845289,3006.873,13.84,37.36087,-93.180262
212,44220,"Springfield, OH Metro Area",1,1029475869,13070242,397.483,5.046,39.917032,-83.783676
524,44300,"State College, PA Metro Area",1,2874529780,8187277,1109.862,3.161,40.90916,-77.84783
496,44340,"Statesboro, GA Micro Area",2,1743101866,40429683,673.015,15.61,32.391711,-81.744021
277,44420,"Staunton-Waynesboro, VA Metro Area",1,2594641820,10481933,1001.797,4.047,38.160958,-79.127632
525,44460,"Steamboat Springs, CO Micro Area",2,6117602774,15831744,2362.02,6.113,40.483664,-106.987702
221,44580,"Sterling, IL Micro Area",2,1772197821,31797486,684.249,12.277,41.750571,-89.910957
554,44620,"Stevens Point, WI Micro Area",2,2074125052,56939082,800.824,21.984,44.476246,-89.49807
488,44700,"Stockton-Lodi, CA Metro Area",1,3606190671,89046837,1392.358,34.381,37.934982,-121.272244
310,44780,"Sturgis, MI Micro Area",2,1296530601,52921099,500.593,20.433,41.911488,-85.52287
206,44860,"Sulphur Springs, TX Micro Area",2,1987018121,66250826,767.192,25.58,33.148959,-95.565194
470,44900,"Summerville, GA Micro Area",2,811512406,570806,313.327,0.22,34.474178,-85.345289
482,44920,"Summit Park, UT Micro Area",2,4844778499,26615947,1870.58,10.276,40.87206,-110.968486
146,44980,"Sunbury, PA Micro Area",2,1186219234,50572294,458.002,19.526,40.851524,-76.709877
532,45060,"Syracuse, NY Metro Area",1,6176849966,1020679060,2384.895,394.086,43.006516,-76.196134
538,45140,"Tahlequah, OK Micro Area",2,1940958254,69624105,749.408,26.882,35.904367,-94.996796
142,45180,"Talladega-Sylacauga, AL Micro Area",2,3594102438,100918939,1387.691,38.965,33.186086,-86.197757
533,45220,"Tallahassee, FL Metro Area",1,6184076376,556580430,2387.685,214.897,30.386428,-84.28041
522,45380,"Taylorville, IL Micro Area",2,1837278858,16221514,709.377,6.263,39.545524,-89.279593
422,45540,"The Villages, FL Metro Area",1,1418509811,83231177,547.69,32.136,28.71431,-82.074703
122,45580,"Thomaston, GA Micro Area",2,837697011,10663282,323.437,4.117,32.881837,-84.292283
248,45660,"Tiffin, OH Micro Area",2,1427143576,4584953,551.023,1.77,41.119992,-83.127547
534,45780,"Toledo, OH Metro Area",1,3531730588,673366363,1363.609,259.988,41.544357,-83.690777
408,45860,"Torrington, CT Micro Area",2,2384058125,62393362,920.49,24.09,41.791883,-73.235404
408,45940,"Trenton, NJ Metro Area",1,581086519,11647674,224.359,4.497,40.282503,-74.703724
472,46020,"Truckee-Grass Valley, CA Micro Area",2,2480587331,41531993,957.76,16.036,39.297508,-120.771343
536,46060,"Tucson, AZ Metro Area",1,23794788865,5259325,9187.22,2.031,32.128523,-111.783027
538,46140,"Tulsa, OK Metro Area",1,16238463294,493085051,6269.706,190.381,36.254148,-96.174976
540,46340,"Tyler, TX Metro Area",1,2386701635,73066272,921.511,28.211,32.375106,-95.268743
362,46460,"Union City, TN-KY Micro Area",2,1944521607,91518983,750.784,35.336,36.408823,-89.162683
212,46500,"Urbana, OH Micro Area",2,1109624422,3638887,428.428,1.405,40.132775,-83.767604
488,46700,"Vallejo-Fairfield, CA Metro Area",1,2128347201,218679972,821.759,84.433,38.267226,-121.939594
194,46740,"Valley, AL Micro Area",2,1545009122,17048126,596.531,6.582,32.915504,-85.394032
338,46780,"Van Wert, OH Micro Area",2,1059698928,3281853,409.152,1.267,40.85552,-84.585775
512,46820,"Vermillion, SD Micro Area",2,1067154414,13955950,412.031,5.388,42.91615,-96.980468
298,46980,"Vicksburg, MS Micro Area",2,2786645441,113512128,1075.93,43.827,32.18176,-90.876125
544,47020,"Victoria, TX Metro Area",1,4491343500,36475960,1734.117,14.083,28.731455,-97.196993
428,47220,"Vineland-Bridgeton, NJ Metro Area",1,1251898435,503712955,483.361,194.485,39.328434,-75.121628
545,47260,"Virginia Beach-Norfolk-Newport News, VA-NC Metro Area",1,6948499180,3237656435,2682.831,1250.066,36.856081,-76.373791
546,47300,"Visalia-Porterville, CA Metro Area",1,12494838453,37259234,4824.284,14.386,36.228834,-118.781055
244,47420,"Wahpeton, ND-MN Micro Area",2,5663688397,25518466,2186.762,9.853,46.29395,-96.790701
338,47540,"Wapakoneta, OH Micro Area",2,1039603387,1345186,401.393,0.519,40.561309,-84.224018
356,47580,"Warner Robins, GA Metro Area",1,2007363330,19128748,775.047,7.386,32.401594,-83.635095
312,47660,"Warrensburg, MO Micro Area",2,2147833558,10122996,829.283,3.909,38.741528,-93.811863
274,47820,"Washington, NC Micro Area",2,2154872483,338892301,832.001,130.847,35.482313,-76.842014
548,47900,"Washington-Arlington-Alexandria, DC-VA-MD-WV Metro Area",1,16179837126,1124663821,6247.07,434.235,38.816928,-77.448228
198,47920,"Washington Court House, OH Micro Area",2,1052469899,1694037,406.361,0.654,39.555246,-83.461893
376,48020,"Watertown-Fort Atkinson, WI Micro Area",2,1441198727,68095317,556.45,26.292,43.013804,-88.773985
554,48140,"Wausau, WI Metro Area",1,4001465174,81219897,1544.974,31.359,44.898036,-89.757823
430,48260,"Weirton-Steubenville, WV-OH Metro Area",1,1502240257,29714225,580.018,11.473,40.388914,-80.701966
200,48500,"West Point, MS Micro Area",2,1062066012,15393112,410.066,5.943,33.661733,-88.783326
376,48580,"Whitewater-Elkhorn, WI Micro Area",2,1438141978,55217124,555.27,21.319,42.66811,-88.541731
556,48620,"Wichita, KS Metro Area",1,12981305093,92913880,5012.11,35.874,37.629831,-97.398832
558,48700,"Williamsport, PA Metro Area",1,3182098644,39419361,1228.615,15.22,41.34362,-77.055225
178,48940,"Wilmington, OH Micro Area",2,1058487159,9351754,408.684,3.611,39.429004,-83.795048
468,48980,"Wilson, NC Micro Area",2,952010950,14334531,367.573,5.535,35.700357,-77.921598
548,49020,"Winchester, VA-WV Metro Area",1,2752096344,17341183,1062.59,6.695,39.272974,-78.471828
268,49180,"Winston-Salem, NC Metro Area",1,5202226855,81490113,2008.591,31.464,36.078852,-80.345064
554,49220,"Wisconsin Rapids-Marshfield, WI Micro Area",2,2053928984,42054151,793.026,16.237,44.461413,-90.038825
148,49340,"Worcester, MA-CT Metro Area",1,5240810464,199167192,2023.488,76.899,42.217311,-71.925535
276,49620,"York-Hanover, PA Metro Area",1,2341882815,16941833,904.206,6.541,39.921751,-76.728889
566,49660,"Youngstown-Warren-Boardman, OH-PA Metro Area",1,4408711803,109163637,1702.213,42.148,41.236302,-80.561868
472,49700,"Yuba City, CA Metro Area",1,3197189484,46775303,1234.442,18.06,39.160969,-121.511833
198,49780,"Zanesville, OH Micro Area",2,1721328762,20656658,664.609,7.976,39.966046,-81.943506
,19000,"Cullowhee, NC Micro Area",2,1272156138,9781460,491.182,3.777,35.279929,-83.122478
,45000,"Susanville, CA Micro Area",2,11761615611,463426050,4541.185,178.93,40.721086,-120.629952
,11020,"Altoona, PA Metro Area",1,1361815246,3285511,525.8,1.269,40.497922,-78.310636
,17020,"Chico, CA Metro Area",1,4238438196,105310997,1636.47,40.661,39.665959,-121.601919
,26020,"Hobbs, NM Micro Area",2,11373741670,8469171,4391.426,3.27,32.795687,-103.413271
,27020,"Iron Mountain, MI-WI Micro Area",2,3235063580,64631590,1249.065,24.954,45.947703,-88.080959
,30020,"Lawton, OK Metro Area",1,4408014170,61426399,1701.944,23.717,34.52911,-98.430917
,35020,"Natchez, MS-LA Micro Area",2,3002636543,195603635,1159.324,75.523,31.481833,-91.525331
,44020,"Spirit Lake, IA Micro Area",2,985539078,60716111,380.519,23.443,43.389611,-95.196057
,42020,"San Luis Obispo-Paso Robles-Arroyo Grande, CA Metro Area",1,8548552397,815578711,3300.615,314.897,35.385224,-120.447544
,45020,"Sweetwater, TX Micro Area",2,2362061742,5052158,911.997,1.951,32.312338,-100.418108
,11060,"Altus, OK Micro Area",2,2078855934,4114419,802.651,1.589,34.593949,-99.41221
,15060,"Brookings, OR Micro Area",2,4217568363,934534728,1628.412,360.826,42.466439,-124.210929
,16060,"Carbondale-Marion, IL Metro Area",1,2600987211,110033784,1004.247,42.484,37.757331,-89.193181
,19060,"Cumberland, MD-WV Metro Area",1,1942504766,18434746,750.005,7.118,39.532185,-78.807082
,20060,"Douglas, GA Micro Area",2,1490399436,70456631,575.446,27.203,31.549245,-82.844938
,25060,"Gulfport-Biloxi-Pascagoula, MS Metro Area",1,4586307596,2098082750,1770.783,810.074,30.430245,-88.979736
,28060,"Kalispell, MT Micro Area",2,13175679131,437280390,5087.158,168.835,48.314678,-114.054295
,30060,"Lebanon, MO Micro Area",2,1980565357,8515352,764.701,3.288,37.659688,-92.59484
,35060,"Natchitoches, LA Micro Area",2,3243341073,121033890,1252.261,46.731,31.732551,-93.082611
,37060,"Oxford, MS Micro Area",2,1636137315,123056595,631.716,47.512,34.349298,-89.485903
,38060,"Phoenix-Mesa-Scottsdale, AZ Metro Area",1,37723346389,86642737,14565.066,33.453,33.185765,-112.067862
,39060,"Pottsville, PA Micro Area",2,2016645900,10834897,778.631,4.183,40.703682,-76.217788
,40060,"Richmond, VA Metro Area",1,11849685107,328230875,4575.189,126.731,37.531399,-77.476009
,48060,"Watertown-Fort Drum, NY Metro Area",1,3285895343,1524639909,1268.691,588.667,43.996389,-76.052968
,47080,"Vidalia, GA Micro Area",2,1563141883,31477643,603.532,12.154,32.154218,-82.411379
,49080,"Winnemucca, NV Micro Area",2,24969533279,44196979,9640.791,17.065,41.407914,-118.127591
,10100,"Aberdeen, SD Micro Area",2,7352949525,111439358,2838.99,43.027,45.522221,-98.704155
,15100,"Brookings, SD Micro Area",2,2051804710,32967600,792.206,12.729,44.376675,-96.797797
,16100,"Carlsbad-Artesia, NM Micro Area",2,10816855244,56325882,4176.411,21.748,32.457835,-104.306434
,18100,"Columbus, NE Micro Area",2,1745910545,27167485,674.1,10.489,41.576866,-97.513467
,25100,"Guymon, OK Micro Area",2,5286926133,19215617,2041.294,7.419,36.746317,-101.483855
,27100,"Jackson, MI Metro Area",1,1817385089,56453210,701.696,21.797,42.248474,-84.420868
,29100,"La Crosse-Onalaska, WI-MN Metro Area",1,2599861417,116606068,1003.812,45.022,43.783246,-91.318743
,32100,"Marquette, MI Micro Area",2,4685386476,4185372277,1809.038,1615.981,46.656596,-87.584028
,36100,"Ocala, FL Metro Area",1,4114226894,192048864,1588.512,74.15,29.202805,-82.0431
,43100,"Sheboygan, WI Metro Area",1,1324905935,1967592839,511.549,759.692,43.7452,-87.73212
,41100,"St. George, UT Metro Area",1,6285757433,9061293,2426.945,3.499,37.262531,-113.4878
,46100,"Tullahoma-Manchester, TN Micro Area",2,2881810680,72645754,1112.673,28.049,35.303085,-86.111905
,49100,"Winona, MN Micro Area",2,1621558336,40131783,626.087,15.495,43.982268,-91.776708
,48100,"Wauchula, FL Micro Area",2,1651867901,1439673,637.79,0.556,27.492846,-81.82158
,21120,"Elk City, OK Micro Area",2,2335665266,5527154,901.805,2.134,35.270601,-99.690057
,11140,"Americus, GA Micro Area",2,1682454992,28173301,649.6,10.878,32.098355,-84.224304
,10140,"Aberdeen, WA Micro Area",2,4924343838,834767680,1901.3,322.306,47.113999,-123.826655
,13140,"Beaumont-Port Arthur, TX Metro Area",1,7859102612,764163739,3034.417,295.045,30.347833,-94.120371
,14140,"Bluefield, WV-VA Micro Area",2,2428775486,7356298,937.755,2.84,37.248463,-81.359375
,16140,"Carroll, IA Micro Area",2,1474835092,2145349,569.437,0.828,42.039492,-94.867647
,20140,"Dublin, GA Micro Area",2,2875636099,38264271,1110.289,14.774,32.530372,-82.856653
,22140,"Farmington, NM Metro Area",1,14289427705,55030762,5517.179,21.247,36.511624,-108.324578
,24140,"Goldsboro, NC Metro Area",1,1434638257,9855192,553.917,3.805,35.35419,-78.00867
,26140,"Homosassa Springs, FL Metro Area",1,1507111917,495578435,581.899,191.344,28.84364,-82.52481
,32140,"Marshall, MN Micro Area",2,1850315135,18794796,714.411,7.257,44.409195,-95.847268
,39140,"Prescott, AZ Metro Area",1,21039796372,11501575,8123.511,4.441,34.631212,-112.577385
,27160,"Jackson, OH Micro Area",2,1088598925,3167846,420.31,1.223,39.013477,-82.614142
,10180,"Abilene, TX Metro Area",1,7105577376,36847363,2743.479,14.227,32.452022,-99.718743
,14180,"Blytheville, AR Micro Area",2,2332480068,49826375,900.576,19.238,35.766944,-90.052207
,19180,"Danville, IL Metro Area",1,2326763522,7534491,898.368,2.909,40.186754,-87.726778
,21180,"Elkins, WV Micro Area",2,2692810852,667359,1039.7,0.258,38.781095,-79.867788
,28180,"Kapaa, HI Micro Area",2,1605492340,1674244223,619.884,646.429,22.012038,-159.705965
,32180,"Marshall, MO Micro Area",2,1956716997,29587339,755.493,11.424,39.13584,-93.204164
,33180,"Middlesborough, KY Micro Area",2,929806778,5480741,359,2.116,36.72268,-83.681046
,38180,"Pierre, SD Micro Area",2,8269319317,506022629,3192.802,195.376,44.498505,-100.370545
,40180,"Riverton, WY Micro Area",2,23784954724,213202754,9183.423,82.318,43.054831,-108.608935
,46180,"Tupelo, MS Micro Area",2,3834436442,36678576,1480.484,14.162,34.268271,-88.682907
,47180,"Vincennes, IN Micro Area",2,1336511182,20758112,516.03,8.015,38.688391,-87.420354
,48180,"Waycross, GA Micro Area",2,3193643597,46993509,1233.073,18.144,31.133114,-82.36865
,17200,"Claremont-Lebanon, NH-VT Micro Area",2,10107965005,175735101,3902.707,67.852,43.785741,-72.159125
,25200,"Hailey, ID Micro Area",2,12725414934,67810419,4913.31,26.182,43.325486,-114.19734
,42200,"Santa Maria-Santa Barbara, CA Metro Area",1,7084000622,2729814515,2735.148,1053.987,34.537057,-120.039973
,10220,"Ada, OK Micro Area",2,1865885740,12421415,720.423,4.796,34.721445,-96.69197
,13220,"Beckley, WV Metro Area",1,3281374202,27839855,1266.946,10.749,37.905556,-81.163907
,15220,"Brownwood, TX Micro Area",2,2446084213,32411546,944.438,12.514,31.764103,-98.99847
,17220,"Clarksburg, WV Micro Area",2,2353000494,10811595,908.499,4.174,39.28835,-80.43153
,16220,"Casper, WY Metro Area",1,13831948351,90949279,5340.545,35.116,42.977645,-106.768219
,20220,"Dubuque, IA Metro Area",1,1575488090,21138790,608.299,8.162,42.463481,-90.878771
,19220,"Danville, KY Micro Area",2,1329030822,15775932,513.142,6.091,37.507848,-84.735684
,21220,"Elko, NV Micro Area",2,55283025883,96819143,21344.897,37.382,40.906086,-115.554577
,22220,"Fayetteville-Springdale-Rogers, AR-MO Metro Area",1,8192650898,129200254,3163.2,49.884,36.197633,-94.119897
,24220,"Grand Forks, ND-MN Metro Area",1,8825205589,77326482,3407.431,29.856,47.835929,-96.842681
,26220,"Hood River, OR Micro Area",2,1352203450,29040461,522.089,11.213,45.511775,-121.655976
,27220,"Jackson, WY-ID Micro Area",2,11514925111,573732497,4445.938,221.519,44.048662,-110.426072
,31220,"Ludington, MI Micro Area",2,1281901694,1935678152,494.945,747.37,43.996636,-86.750814
,34220,"Moultrie, GA Micro Area",2,1416682032,25006488,546.984,9.655,31.189707,-83.769773
,39220,"Price, UT Micro Area",2,3831067724,15844443,1479.184,6.118,39.673284,-110.588484
,40220,"Roanoke, VA Metro Area",1,4836707818,72498836,1867.463,27.992,37.286226,-79.946935
,46220,"Tuscaloosa, AL Metro Area",1,7371842758,133627364,2846.285,51.594,33.160611,-87.715166
,48220,"Weatherford, OK Micro Area",2,2561032754,34321688,988.82,13.252,35.645601,-98.997386
,23240,"Fredericksburg, TX Micro Area",2,2740716834,9015052,1058.197,3.481,30.325091,-98.941851
,38240,"Pinehurst-Southern Pines, NC Micro Area",2,1806961891,20736340,697.672,8.006,35.308272,-79.492725
,47240,"Vineyard Haven, MA Micro Area",2,267309256,1004275270,103.209,387.753,41.38097,-70.701499
,12260,"Augusta-Richmond County, GA-SC Metro Area",1,9015173678,262575077,3480.778,101.381,33.460371,-81.982833
,11260,"Anchorage, AK Metro Area",1,68180115698,2320240347,26324.491,895.85,62.212784,-149.678222
,15260,"Brunswick, GA Metro Area",1,3331359650,829052436,1286.245,320.099,31.301739,-81.588909
,16260,"Cedar City, UT Micro Area",2,8537474409,11390956,3296.337,4.398,37.909304,-113.30674
,17260,"Clarksdale, MS Micro Area",2,1431035290,79322563,552.526,30.627,34.22867,-90.603165
,18260,"Cookeville, TN Micro Area",2,2960951079,35466927,1143.23,13.694,36.277251,-85.468501
,19260,"Danville, VA Micro Area",2,2620434771,26360616,1011.756,10.178,36.811853,-79.400122
,20260,"Duluth, MN-WI Metro Area",1,21789623252,2075746628,8413.021,801.45,47.329701,-92.376259
,21260,"Ellensburg, WA Micro Area",2,5949976954,92436005,2297.299,35.69,47.124444,-120.676714
,22260,"Fergus Falls, MN Micro Area",2,5107436184,654101087,1971.992,252.55,46.405725,-95.714578
,24260,"Grand Island, NE Metro Area",1,5551255812,67089958,2143.352,25.904,41.038567,-98.272835
,26260,"Hope, AR Micro Area",2,3484461197,42626475,1345.358,16.458,33.700708,-93.499761
,28260,"Kearney, NE Micro Area",2,3844408178,19202541,1484.334,7.414,40.739145,-99.031556
,29260,"La Grande, OR Micro Area",2,5275597066,4989941,2036.92,1.927,45.304081,-117.999149
,31260,"Lufkin, TX Micro Area",2,2066241599,173338077,797.78,66.926,31.251951,-94.611056
,34260,"Mountain Home, AR Micro Area",2,1435438032,84171993,554.226,32.499,36.280759,-92.330476
,32260,"Marshalltown, IA Micro Area",2,1482776070,1803080,572.503,0.696,42.041691,-92.981452
,38260,"Pittsburg, KS Micro Area",2,1527463453,13609414,589.757,5.255,37.505821,-94.853897
,41260,"St. Marys, PA Micro Area",2,2142856032,12818644,827.361,4.949,41.427334,-78.653938
,44260,"Starkville, MS Micro Area",2,1186750731,9649656,458.207,3.726,33.422313,-88.876151
,43260,"Sheridan, WY Micro Area",2,6535475121,7986323,2523.361,3.084,44.781369,-106.881211
,49260,"Woodward, OK Micro Area",2,3217798488,9693376,1242.399,3.743,36.425619,-99.273661
,12300,"Augusta-Waterville, ME Micro Area",2,2246806176,216724439,867.497,83.678,44.417012,-69.765764
,13300,"Beeville, TX Micro Area",2,2279809504,246409,880.239,0.095,28.416077,-97.742586
,17300,"Clarksville, TN-KY Metro Area",1,4398070643,132339119,1698.105,51.096,36.749207,-87.558283
,18300,"Coos Bay, OR Micro Area",2,4133690002,544752776,1596.027,210.33,43.18591,-124.094133
,20300,"Dumas, TX Micro Area",2,2330188755,25718180,899.691,9.93,35.835676,-101.890502
,24300,"Grand Junction, CO Metro Area",1,8621911419,31428360,3328.939,12.135,39.019421,-108.461893
,28300,"Keene, NH Micro Area",2,1830338973,57617298,706.698,22.246,42.925455,-72.248217
,30300,"Lewiston, ID-WA Metro Area",1,3844500618,32614737,1484.37,12.593,46.251696,-116.925017
,33300,"Milledgeville, GA Micro Area",2,1890085577,42282715,729.766,16.325,33.198527,-83.091149
,32300,"Martinsville, VA Micro Area",2,1018649319,5415311,393.303,2.091,36.682647,-79.873944
,36300,"Ogdensburg-Massena, NY Micro Area",2,6939259769,367915773,2679.263,142.053,44.488112,-75.074311
,37300,"Palestine, TX Micro Area",2,2752129268,39880658,1062.603,15.398,31.841261,-95.661726
,42300,"Sault Ste. Marie, MI Micro Area",2,4036522461,2952482167,1558.51,1139.96,46.321819,-84.52063
,46300,"Twin Falls, ID Micro Area",2,6524600154,31215282,2519.162,12.052,42.440397,-114.568729
,45300,"Tampa-St. Petersburg-Clearwater, FL Metro Area",1,6512939426,2115162934,2514.66,816.669,28.125907,-82.465286
,49300,"Wooster, OH Micro Area",2,1437086621,5055679,554.862,1.952,40.829661,-81.887194
,48300,"Wenatchee, WA Metro Area",1,12277657989,266187562,4740.43,102.776,47.821128,-120.267544
,43320,"Show Low, AZ Micro Area",2,25770094249,24078111,9949.889,9.297,35.390785,-110.321025
,24330,"Grand Rapids, MN Micro Area",2,6907775594,675388758,2667.107,260.769,47.490817,-93.611102
,17340,"Clearlake, CA Micro Area",2,3254348631,188852161,1256.511,72.916,39.094802,-122.746757
,20340,"Duncan, OK Micro Area",2,2253930695,54690951,870.248,21.116,34.481361,-97.855607
,22340,"Fitzgerald, GA Micro Area",2,647813382,9803106,250.122,3.785,31.740775,-83.14719
,26340,"Houghton, MI Micro Area",2,4012440620,15329029199,1549.212,5918.572,47.681974,-88.148797
,27340,"Jacksonville, NC Metro Area",1,1973376983,371063373,761.925,143.268,34.763109,-77.499469
,31340,"Lynchburg, VA Metro Area",1,5491864915,68622077,2120.421,26.495,37.364926,-79.216689
,32340,"Maryville, MO Micro Area",2,2271326597,2361588,876.964,0.912,40.361136,-94.883146
,36340,"Oil City, PA Micro Area",2,1746388722,22148538,674.284,8.552,41.40198,-79.754418
,38340,"Pittsfield, MA Metro Area",1,2400678868,50642922,926.907,19.553,42.375314,-73.213948
,37340,"Palm Bay-Melbourne-Titusville, FL Metro Area",1,2629333877,1403340249,1015.192,541.833,28.298304,-80.700331
,43340,"Shreveport-Bossier City, LA Metro Area",1,8257716122,324089681,3188.322,125.132,32.490638,-93.671191
,45340,"Taos, NM Micro Area",2,5704119046,3383126,2202.373,1.306,36.576529,-105.637986
,47340,"Wabash, IN Micro Area",2,1068205084,22117118,412.436,8.539,40.843747,-85.795192
,11380,"Andrews, TX Micro Area",2,3886850342,957039,1500.721,0.37,32.312258,-102.640206
,10380,"Aguadilla-Isabela, PR Metro Area",1,1222525424,358911379,472.02,138.576,18.356965,-67.007895
,14380,"Boone, NC Micro Area",2,809160511,2332417,312.419,0.901,36.235368,-81.709888
,13380,"Bellingham, WA Metro Area",1,5459395487,1028184768,2107.884,396.984,48.842653,-121.836432
,18380,"Cordele, GA Micro Area",2,705921217,21739092,272.558,8.394,31.915149,-83.753531
,21380,"Emporia, KS Micro Area",2,2194957493,20562422,847.478,7.939,38.455498,-96.161589
,23380,"Fremont, OH Micro Area",2,1057906601,23958602,408.46,9.25,41.355319,-83.142776
,22380,"Flagstaff, AZ Metro Area",1,48222181220,110085803,18618.689,42.504,35.829692,-111.773728
,26380,"Houma-Thibodaux, LA Metro Area",1,5957208458,3239751820,2300.091,1250.875,29.33413,-90.843674
,28380,"Kennett, MO Micro Area",2,1401432378,15767988,541.096,6.088,36.306905,-90.065394
,30380,"Lewistown, PA Micro Area",2,1064602238,9507398,411.045,3.671,40.601607,-77.651938
,31380,"Macomb, IL Micro Area",2,1526558090,2012555,589.407,0.777,40.455808,-90.678954
,32380,"Mason City, IA Micro Area",2,2508196657,22377392,968.42,8.64,43.213732,-93.274339
,38380,"Plainview, TX Micro Area",2,2602109431,246678,1004.68,0.095,34.068436,-101.822888
,42380,"Sayre, PA Micro Area",2,2971750814,35275587,1147.399,13.62,41.791495,-76.502124
,46380,"Ukiah, CA Micro Area",2,9081426673,962946204,3506.359,371.796,39.432388,-123.442881
,47380,"Waco, TX Metro Area",1,4668646550,81577695,1802.575,31.497,31.427226,-97.093473
,49380,"Worthington, MN Micro Area",2,1852077339,19323570,715.091,7.461,43.677686,-95.763132
,12420,"Austin-Round Rock, TX Metro Area",1,10934027084,151338109,4221.652,58.432,30.239513,-97.69127
,15420,"Burley, ID Micro Area",2,8605555048,53089145,3322.624,20.498,42.369199,-113.642424
,13420,"Bemidji, MN Micro Area",2,6487120495,1426321738,2504.691,550.706,47.879508,-95.00505
,16420,"Central City, KY Micro Area",2,1209734539,31905594,467.081,12.319,37.213816,-87.134092
,18420,"Corinth, MS Micro Area",2,1036100568,3417891,400.041,1.32,34.886569,-88.581109
,20420,"Durango, CO Micro Area",2,4376522002,25375721,1689.785,9.798,37.287367,-107.839718
,21420,"Enid, OK Metro Area",1,2741479095,4075930,1058.491,1.574,36.378273,-97.787729
,27420,"Jamestown, ND Micro Area",2,5754301968,197312587,2221.749,76.183,46.972223,-98.956123
,28420,"Kennewick-Richland, WA Metro Area",1,7618694606,215136036,2941.595,83.064,46.363914,-119.254081
,30420,"Lexington, NE Micro Area",2,3810529532,28237610,1471.254,10.903,40.756816,-99.821978
,34420,"Mount Pleasant, TX Micro Area",2,1051683607,50727822,406.057,19.586,33.214599,-94.966783
,37420,"Pampa, TX Micro Area",2,2398261666,8700791,925.974,3.359,35.402542,-100.812374
,38420,"Platteville, WI Micro Area",2,2970364997,94558771,1146.864,36.509,42.870028,-90.694229
,43420,"Sierra Vista-Douglas, AZ Metro Area",1,15966166113,137024922,6164.571,52.906,31.840129,-109.775163
,42420,"Scottsbluff, NE Micro Area",2,9200294076,17667421,3552.254,6.821,42.163326,-103.734473
,49420,"Yakima, WA Metro Area",1,11122757370,41168172,4294.521,15.895,46.456558,-120.740145
,35440,"Newport, OR Micro Area",2,2539209521,554669104,980.394,214.159,44.641061,-123.911212
,10460,"Alamogordo, NM Micro Area",2,17126453574,36946480,6612.561,14.265,32.588776,-105.78098
,15460,"Burlington, IA-IL Micro Area",2,2059057806,77683335,795.007,29.994,40.8797,-91.048762
,18460,"Cornelia, GA Micro Area",2,716858330,5814561,276.781,2.245,34.634392,-83.525875
,24460,"Great Bend, KS Micro Area",2,2318718654,13913626,895.262,5.372,38.481239,-98.767837
,23460,"Gadsden, AL Metro Area",1,1386383039,34559412,535.286,13.343,34.047641,-86.034263
,25460,"Harrison, AR Micro Area",2,3654212734,37022684,1410.899,14.295,36.087809,-93.162053
,27460,"Jamestown-Dunkirk-Fredonia, NY Micro Area",2,2745967850,1139487496,1060.224,439.959,42.304216,-79.407595
,29460,"Lakeland-Winter Haven, FL Metro Area",1,4653579490,553462009,1796.757,213.693,27.953115,-81.692783
,38460,"Plattsburgh, NY Micro Area",2,2687771451,206611024,1037.754,79.773,44.752712,-73.705643
,37460,"Panama City, FL Metro Area",1,3398189558,1205715863,1312.048,465.53,30.101095,-85.474971
,40460,"Rockingham, NC Micro Area",2,1226882608,15537990,473.702,5.999,35.004636,-79.755695
,41460,"Salina, KS Micro Area",2,3732064588,4377596,1440.958,1.69,38.96457,-97.663387
,45460,"Terre Haute, IN Metro Area",1,3794552844,51107876,1465.085,19.733,39.392389,-87.347096
,48460,"West Plains, MO Micro Area",2,2401562307,2913502,927.248,1.125,36.774369,-91.887368
,47460,"Walla Walla, WA Metro Area",1,5538991451,87497682,2138.617,33.783,46.263537,-118.255883
,49460,"Yankton, SD Micro Area",2,1349873574,28676624,521.189,11.072,43.006603,-97.388361
,11500,"Anniston-Oxford-Jacksonville, AL Metro Area",1,1569244078,16573120,605.889,6.399,33.771706,-85.822513
,10500,"Albany, GA Metro Area",1,5005437813,65660738,1932.61,25.352,31.589303,-84.174913
,13500,"Bennettsville, SC Micro Area",2,1242867984,14488283,479.874,5.594,34.60167,-79.679435
,17500,"Clewiston, FL Micro Area",2,2994620710,87035817,1156.23,33.605,26.539967,-81.152114
,19500,"Decatur, IL Metro Area",1,1503973504,13409564,580.687,5.177,39.860237,-88.961529
,22500,"Florence, SC Metro Area",1,3525263978,24392673,1361.112,9.418,34.153551,-79.806215
,24500,"Great Falls, MT Metro Area",1,6988237777,34396942,2698.174,13.281,47.316443,-111.350571
,26500,"Huntingdon, PA Micro Area",2,2265337403,37851955,874.652,14.615,40.422311,-77.968595
,28500,"Kerrville, TX Micro Area",2,2857602924,10246419,1103.327,3.956,30.059953,-99.353339
,29500,"Lamesa, TX Micro Area",2,2331781556,4720730,900.306,1.823,32.741934,-101.947322
,34500,"Mount Vernon, IL Micro Area",2,1479314410,32679991,571.167,12.618,38.30078,-88.92421
,33500,"Minot, ND Micro Area",2,12339169798,248853884,4764.18,96.083,48.320242,-101.19801
,44500,"Stephenville, TX Micro Area",2,2805191451,17394954,1083.091,6.716,32.238136,-98.222377
,41500,"Salinas, CA Metro Area",1,8496680819,1270736099,3280.587,490.634,36.240107,-121.315572
,43500,"Silver City, NM Micro Area",2,10259427302,15346268,3961.187,5.925,32.732087,-108.381504
,45500,"Texarkana, TX-AR Metro Area",1,5290972749,213741276,2042.856,82.526,33.47837,-94.207169
,22520,"Florence-Muscle Shoals, AL Metro Area",1,3265618421,213039203,1260.862,82.255,34.799254,-87.719388
,45520,"The Dalles, OR Micro Area",2,6167121090,35716361,2381.139,13.79,45.164536,-121.165069
,46520,"Urban Honolulu, HI Metro Area",1,1555581074,4054908589,600.613,1565.609,21.461365,-158.201974
,15540,"Burlington-South Burlington, VT Metro Area",1,3243255617,657485068,1252.228,253.856,44.689117,-73.041171
,12540,"Bakersfield, CA Metro Area",1,21062393794,78770534,8132.236,30.413,35.346629,-118.729506
,13540,"Bennington, VT Micro Area",2,1748244447,6928011,675.001,2.675,43.035325,-73.11146
,20540,"Dyersburg, TN Micro Area",2,1326943234,36772010,512.336,14.198,36.054196,-89.398306
,21540,"Escanaba, MI Micro Area",2,3033137837,2124389418,1171.101,820.231,45.805229,-86.901938
,22540,"Fond du Lac, WI Metro Area",1,1863635236,119885776,719.554,46.288,43.754722,-88.493284
,27540,"Jasper, IN Micro Area",2,1972302156,38637133,761.51,14.918,38.384156,-87.035953
,28540,"Ketchikan, AK Micro Area",2,12579507052,5220218255,4856.975,2015.538,55.449938,-131.106685
,29540,"Lancaster, PA Metro Area",1,2444600820,103429249,943.866,39.934,40.041992,-76.250198
,32540,"McAlester, OK Micro Area",2,3381112561,187439435,1305.455,72.371,34.92554,-95.74813
,33540,"Missoula, MT Metro Area",1,6715966294,64482586,2593.049,24.897,47.027263,-113.892691
,38540,"Pocatello, ID Metro Area",1,2881317883,92094662,1112.483,35.558,42.692921,-112.228982
,37540,"Paris, TN Micro Area",2,1455159718,81742881,561.84,31.561,36.325295,-88.300288
,40540,"Rock Springs, WY Micro Area",2,27005738206,166246301,10426.974,64.188,41.660328,-108.875677
,44540,"Sterling, CO Micro Area",2,4761948002,16363553,1838.598,6.318,40.728091,-103.090464
,41540,"Salisbury, MD-DE Metro Area",1,5435182698,2080552062,2098.536,803.306,38.399521,-75.478262
,42540,"Scranton--Wilkes-Barre--Hazleton, PA Metro Area",1,4523210649,77167809,1746.421,29.795,41.322881,-75.898188
,46540,"Utica-Rome, NY Metro Area",1,6795727533,237762852,2623.845,91.801,43.332289,-75.173169
,48540,"Wheeling, WV-OH Metro Area",1,2443375154,49368078,943.392,19.061,39.975509,-80.847011
,15580,"Butte-Silver Bow, MT Micro Area",2,1859568288,1518177,717.983,0.586,45.896232,-112.660071
,14580,"Bozeman, MT Micro Area",2,6746899240,74547800,2604.992,28.783,45.518054,-111.163921
,16580,"Champaign-Urbana, IL Metro Area",1,4974898388,8488624,1920.819,3.277,40.234489,-88.298623
,19580,"Defiance, OH Micro Area",2,1065649891,7073996,411.45,2.731,41.321679,-84.486433
,20580,"Eagle Pass, TX Micro Area",2,3313819221,31869807,1279.473,12.305,28.729787,-100.316678
,22580,"Forest City, NC Micro Area",2,1464487608,4681435,565.442,1.808,35.402747,-81.919582
,25580,"Hastings, NE Micro Area",2,1458869099,2481410,563.273,0.958,40.520632,-98.500044
,27580,"Jayuya, PR Micro Area",2,115340543,3091,44.533,0.001,18.211152,-66.58687
,28580,"Key West, FL Micro Area",2,2545998106,7133386423,983.015,2754.216,24.535414,-82.00692
,30580,"Liberal, KS Micro Area",2,1655865965,2777350,639.333,1.072,37.180623,-100.854932
,33580,"Mitchell, SD Micro Area",2,2253330436,5924177,870.016,2.287,43.675038,-97.966937
,31580,"Madisonville, KY Micro Area",2,1403746106,32182700,541.989,12.426,37.31107,-87.542196
,36580,"Oneonta, NY Micro Area",2,2594462131,36339122,1001.727,14.031,42.629776,-75.028841
,38580,"Point Pleasant, WV-OH Micro Area",2,2323941145,48259843,897.279,18.633,38.798391,-82.180559
,37580,"Paris, TX Micro Area",2,2349588917,67136455,907.181,25.922,33.667263,-95.570348
,11620,"Ardmore, OK Micro Area",2,2129428214,30012909,822.177,11.588,34.251848,-97.287927
,14620,"Bradford, PA Micro Area",2,2536105992,13010718,979.196,5.023,41.81459,-78.572463
,12620,"Bangor, ME Metro Area",1,8798662789,414019982,3397.183,159.854,45.409279,-68.666598
,13620,"Berlin, NH-VT Micro Area",2,6366622345,121246896,2458.167,46.814,44.698624,-71.42165
,15620,"Cadillac, MI Micro Area",2,2926041805,50671393,1129.751,19.564,44.328738,-85.326429
,19620,"Del Rio, TX Micro Area",2,8144863674,227711349,3144.75,87.92,29.875285,-101.143324
,24620,"Greeneville, TN Micro Area",2,1611409749,5099752,622.169,1.969,36.179514,-82.847485
,25620,"Hattiesburg, MS Metro Area",1,4170802048,27227155,1610.356,10.512,31.188441,-89.232741
,27620,"Jefferson City, MO Metro Area",1,5821488816,80070490,2247.689,30.915,38.637121,-92.089227
,31620,"Magnolia, AR Micro Area",2,1983889573,1990757,765.984,0.769,33.223038,-93.232843
,32620,"McComb, MS Micro Area",2,2950301369,8218928,1139.118,3.173,31.17813,-90.65553
,38620,"Ponca City, OK Micro Area",2,2382077972,65369682,919.725,25.239,36.814885,-97.143862
,40620,"Rolla, MO Micro Area",2,1739898257,6587831,671.779,2.544,37.866326,-91.790349
,43620,"Sioux Falls, SD Metro Area",1,6670244321,27912960,2575.396,10.777,43.49542,-96.995339
,45620,"Thomasville, GA Micro Area",2,1410520995,19717343,544.605,7.613,30.86462,-83.919812
,46620,"Uvalde, TX Micro Area",2,4019521039,17320583,1551.946,6.688,29.350308,-99.768427
,47620,"Warren, PA Micro Area",2,2289914225,37352304,884.141,14.422,41.843669,-79.313173
,21640,"Eufaula, AL-GA Micro Area",2,2683847733,74696992,1036.239,28.841,31.867328,-85.335326
,10660,"Albert Lea, MN Micro Area",2,1831351973,39709692,707.089,15.332,43.674202,-93.350289
,11660,"Arkadelphia, AR Micro Area",2,2243130473,43387485,866.078,16.752,34.053316,-93.176208
,14660,"Brainerd, MN Micro Area",2,7821362417,1426313577,3019.845,550.703,46.776305,-94.225757
,16660,"Charleston-Mattoon, IL Micro Area",2,2212662279,7163097,854.314,2.766,39.423163,-88.242212
,21660,"Eugene, OR Metro Area",1,11799215321,437134106,4555.703,168.778,43.928329,-122.89769
,22660,"Fort Collins, CO Metro Area",1,6723022936,99012625,2595.774,38.229,40.658093,-105.486764
,23660,"Galesburg, IL Micro Area",2,1855506547,8834348,716.415,3.411,40.930941,-90.213761
,28660,"Killeen-Temple, TX Metro Area",1,7293205685,110342668,2815.923,42.604,31.20273,-97.789638
,29660,"Laramie, WY Micro Area",2,11070455501,89161368,4274.327,34.425,41.665514,-105.721883
,32660,"McMinnville, TN Micro Area",2,1120619142,3524884,432.673,1.361,35.67825,-85.777343
,31660,"Malone, NY Micro Area",2,4219632482,176707575,1629.209,68.227,44.594376,-74.31067
,34660,"Murray, KY Micro Area",2,997206000,66492945,385.023,25.673,36.620978,-88.274086
,37660,"Parsons, KS Micro Area",2,1671303693,20263208,645.294,7.824,37.191468,-95.297473
,43660,"Snyder, TX Micro Area",2,2345090489,5436958,905.445,2.099,32.744353,-100.913346
,44660,"Stillwater, OK Micro Area",2,1773393745,31771425,684.711,12.267,36.079225,-96.975255
,41660,"San Angelo, TX Metro Area",1,6665451423,48253632,2573.545,18.631,31.36531,-100.659418
,46660,"Valdosta, GA Metro Area",1,4116602812,102187062,1589.429,39.455,30.827498,-83.242132
,48660,"Wichita Falls, TX Metro Area",1,6784787155,144176388,2619.621,55.667,33.776144,-98.501907
,13700,"Big Spring, TX Micro Area",2,4664592112,11087082,1801.009,4.281,32.091772,-101.467644
,16700,"Charleston-North Charleston, SC Metro Area",1,6706531005,1485739827,2589.406,573.647,33.005815,-80.006109
,17700,"Coffeyville, KS Micro Area",2,1666728645,20601461,643.528,7.954,37.189537,-95.742403
,19700,"Deming, NM Micro Area",2,7679944778,433660,2965.243,0.167,32.184523,-107.747191
,21700,"Eureka-Arcata-Fortuna, CA Micro Area",2,9241251740,1254039383,3568.067,484.187,40.706655,-123.926176
,22700,"Fort Dodge, IA Micro Area",2,1853586077,7278162,715.674,2.81,42.433579,-94.175831
,23700,"Gallup, NM Micro Area",2,14116799310,14078537,5450.527,5.436,35.583878,-108.253266
,25700,"Hays, KS Micro Area",2,2330762291,1197085,899.912,0.462,38.914597,-99.317313
,26700,"Huron, SD Micro Area",2,3260045596,15805388,1258.711,6.102,44.418265,-98.279422
,27700,"Jesup, GA Micro Area",2,1662305031,18071707,641.82,6.978,31.547845,-81.912376
,29700,"Laredo, TX Metro Area",1,8706186700,36555096,3361.478,14.114,27.760799,-99.340752
,32700,"McPherson, KS Micro Area",2,2326519566,6031186,898.274,2.329,38.395812,-97.647489
,40700,"Roseburg, OR Micro Area",2,13042299249,252000831,5035.66,97.298,43.286328,-123.154476
,42700,"Sebring, FL Metro Area",1,2632952088,231653040,1016.589,89.442,27.342627,-81.340921
,43700,"Somerset, KY Micro Area",2,1705274742,48546459,658.41,18.744,37.108312,-84.579986
,41700,"San Antonio-New Braunfels, TX Metro Area",1,18939908872,150530198,7312.74,58.12,29.43306,-98.606973
,45700,"Tifton, GA Micro Area",2,675662341,20498270,260.875,7.914,31.457003,-83.525931
,47700,"Warsaw, IN Micro Area",2,1376361579,59509695,531.416,22.977,41.244293,-85.861575
,13720,"Big Stone Gap, VA Micro Area",2,1920095849,13471088,741.353,5.201,37.025296,-82.509943
,14720,"Breckenridge, CO Micro Area",2,1575590697,28283469,608.339,10.92,39.621023,-106.137555
,13740,"Billings, MT Metro Area",1,15166010216,77889187,5855.63,30.073,45.775453,-108.727871
,12740,"Barre, VT Micro Area",2,1779421703,21184426,687.039,8.179,44.274988,-72.609514
,18740,"Coshocton, OH Micro Area",2,1460530916,9243155,563.914,3.569,40.29671,-81.930109
,17740,"Coldwater, MI Micro Area",2,1311600891,34424716,506.412,13.291,41.918455,-85.066885
,21740,"Evanston, WY Micro Area",2,5391911952,16345637,2081.829,6.311,41.284726,-110.558947
,24740,"Greenville, MS Micro Area",2,1877069905,94495553,724.741,36.485,33.273174,-90.944446
,25740,"Helena, MT Micro Area",2,13248414234,108105955,5115.242,41.74,46.811354,-112.284031
,26740,"Hutchinson, KS Micro Area",2,3251326003,43423736,1255.344,16.766,37.948185,-98.078346
,35740,"Norfolk, NE Micro Area",2,4075615882,19274009,1573.604,7.442,42.04313,-97.487952
,37740,"Payson, AZ Micro Area",2,12323146398,97119865,4757.994,37.498,33.789618,-110.81187
,38740,"Poplar Bluff, MO Micro Area",2,1799185018,11195137,694.669,4.322,36.71518,-90.40313
,40740,"Roswell, NM Micro Area",2,15713841748,20545303,6067.148,7.933,33.361604,-104.469837
,41740,"San Diego-Carlsbad, CA Metro Area",1,10898787530,822557348,4208.046,317.591,33.023604,-116.776117
,42740,"Sedalia, MO Micro Area",2,1766949637,10503983,682.223,4.056,38.727367,-93.285207
,44740,"Storm Lake, IA Micro Area",2,1488989049,13791660,574.902,5.325,42.741522,-95.141432
,45740,"Toccoa, GA Micro Area",2,463974775,13095267,179.142,5.056,34.552914,-83.290216
,49740,"Yuma, AZ Metro Area",1,14281265651,13171316,5514.028,5.085,32.773942,-113.910905
,25760,"Helena-West Helena, AR Micro Area",2,1801429477,82378714,695.536,31.807,34.423687,-90.855593
,40760,"Ruidoso, NM Micro Area",2,12512530204,554703,4831.115,0.214,33.740841,-105.449805
,43760,"Sonora, CA Micro Area",2,5752079368,138722711,2220.89,53.561,38.021434,-119.964733
,41760,"Sandpoint, ID Micro Area",2,4488460265,479480478,1733.004,185.128,48.324628,-116.627452
,10780,"Alexandria, LA Metro Area",1,5079062142,169057328,1961.037,65.273,31.325334,-92.54688
,13780,"Binghamton, NY Metro Area",1,3171179762,36245337,1224.399,13.994,42.163928,-76.022943
,17780,"College Station-Bryan, TX Metro Area",1,5438078089,87231038,2099.654,33.68,30.754392,-96.488537
,15780,"Camden, AR Micro Area",2,3525874166,27976577,1361.348,10.802,33.56752,-92.708221
,21780,"Evansville, IN-KY Metro Area",1,3793163206,125457459,1464.549,48.439,38.02007,-87.586166
,22780,"Fort Leonard Wood, MO Micro Area",2,1416985288,11341981,547.101,4.379,37.824835,-92.207022
,23780,"Garden City, KS Micro Area",2,5626763239,2927999,2172.506,1.131,38.025453,-100.970695
,37780,"Pecos, TX Micro Area",2,6825534308,17396681,2635.354,6.717,31.308366,-103.712706
,40780,"Russellville, AR Micro Area",2,4513464814,95762005,1742.659,36.974,35.199586,-93.252763
,47780,"Washington, IN Micro Area",2,1112375531,19123262,429.491,7.384,38.696089,-87.076944
,48780,"Williston, ND Micro Area",2,5381129960,182522236,2077.666,70.472,48.355765,-103.501333
,22800,"Fort Madison-Keokuk, IA-IL-MO Micro Area",2,4703255401,127356962,1815.937,49.173,40.478345,-91.409363
,11820,"Astoria, OR Micro Area",2,2145196270,661305228,828.265,255.331,46.024509,-123.705014
,10820,"Alexandria, MN Micro Area",2,1649200283,215604217,636.76,83.245,45.936829,-95.462156
,16820,"Charlottesville, VA Metro Area",1,5760408914,45668341,2224.106,17.633,37.85459,-78.578282
,17820,"Colorado Springs, CO Metro Area",1,6951236702,12043614,2683.888,4.65,38.845507,-104.638728
,15820,"Campbellsville, KY Micro Area",2,689791858,27162461,266.33,10.487,37.366184,-85.327836
,20820,"Effingham, IL Micro Area",2,1240027659,3183217,478.777,1.229,39.047945,-88.592849
,22820,"Fort Morgan, CO Micro Area",2,3316441507,34663099,1280.485,13.383,40.263167,-103.812278
,21820,"Fairbanks, AK Metro Area",1,18982307701,274103901,7329.11,105.832,64.692317,-146.601733
,25820,"Hereford, TX Micro Area",2,3876750570,3926557,1496.822,1.516,34.940766,-102.607564
,28820,"Kinston, NC Micro Area",2,1033630023,5900300,399.087,2.278,35.240068,-77.63551
,31820,"Manitowoc, WI Micro Area",2,1526268667,2343369333,589.296,904.78,44.104433,-87.315478
,35820,"North Platte, NE Micro Area",2,10343689579,32454802,3993.721,12.531,41.230647,-100.78332
,38820,"Port Angeles, WA Micro Area",2,4503153141,2413877536,1738.677,932.003,48.110903,-123.88986
,42820,"Selma, AL Micro Area",2,2534863481,39131006,978.716,15.109,32.33354,-87.114356
,45820,"Topeka, KS Metro Area",1,8372560286,148384270,3232.664,57.291,39.041389,-95.802639
,48820,"Willmar, MN Micro Area",2,2064978211,168506888,797.293,65.061,45.152714,-95.004981
,49820,"Zapata, TX Micro Area",2,2585876220,154370982,998.412,59.603,26.996981,-99.182603
,21840,"Fairfield, IA Micro Area",2,1127999784,3524824,435.523,1.361,41.006384,-91.96744
,25840,"Hermiston-Pendleton, OR Micro Area",2,13586991820,86020192,5245.967,33.213,45.544602,-119.076191
,18860,"Crescent City, CA Micro Area",2,2606117992,578742645,1006.228,223.454,41.763958,-124.003614
,19860,"Dickinson, ND Micro Area",2,3457000613,14109003,1334.755,5.448,46.817031,-102.662026
,21860,"Fairmont, MN Micro Area",2,1844947511,44649915,712.338,17.239,43.677118,-94.537252
,28860,"Kirksville, MO Micro Area",2,2265278458,7684518,874.629,2.967,40.284489,-92.565124
,29860,"Laurel, MS Micro Area",2,3551010334,15858394,1371.053,6.123,31.825463,-89.148054
,30860,"Logan, UT-ID Metro Area",1,4733880053,33253119,1827.761,12.839,41.883617,-111.784324
,33860,"Montgomery, AL Metro Area",1,7029342690,187428820,2714.045,72.367,32.365631,-86.404585
,34860,"Nacogdoches, TX Micro Area",2,2451572359,89731152,946.557,34.645,31.62056,-94.62025
,40860,"Rutland, VT Micro Area",2,2408212536,38758591,929.816,14.965,43.580858,-73.038202
,46860,"Vernal, UT Micro Area",2,11609319530,56115772,4482.384,21.666,40.125887,-109.517748
,18880,"Crestview-Fort Walton Beach-Destin, FL Metro Area",1,5097054271,916050468,1967.984,353.689,30.641097,-86.367692
,25880,"Hillsdale, MI Micro Area",2,1549207599,22938677,598.152,8.857,41.927461,-84.637479
,11900,"Athens, OH Micro Area",2,1304383737,12463875,503.625,4.812,39.332604,-82.045844
,13900,"Bismarck, ND Metro Area",1,13921852810,253599437,5375.258,97.915,46.726594,-100.996096
,12900,"Batesville, AR Micro Area",2,1978631574,19593589,763.954,7.565,35.737499,-91.559942
,18900,"Crossville, TN Micro Area",2,1763849850,9823728,681.026,3.793,35.952398,-84.994761
,22900,"Fort Smith, AR-OK Metro Area",1,8768792139,226627211,3385.65,87.501,35.195534,-94.562533
,24900,"Greenwood, MS Micro Area",2,3163934369,50147243,1221.602,19.362,33.491305,-90.113633
,25900,"Hilo, HI Micro Area",2,10433637860,2739470030,4028.45,1057.715,19.597764,-155.502443
,28900,"Klamath Falls, OR Micro Area",2,15391613763,503712593,5942.736,194.485,42.683761,-121.646168
,30900,"Logansport, IN Micro Area",2,1067475985,6974423,412.155,2.693,40.753799,-86.355168
,35900,"North Wilkesboro, NC Micro Area",2,1954249751,6862434,754.54,2.65,36.208883,-81.166095
,36900,"Ottumwa, IA Micro Area",2,2419122169,17733239,934.028,6.847,40.878477,-92.416412
,45900,"Traverse City, MI Micro Area",2,4379583231,7440169726,1690.967,2872.666,44.952324,-85.90832
,46900,"Vernon, TX Micro Area",2,2514536080,18196245,970.868,7.026,34.08492,-99.24244
,48900,"Wilmington, NC Metro Area",1,2754434938,516785207,1063.493,199.532,34.426033,-77.889634
,12940,"Baton Rouge, LA Metro Area",1,10429606246,456494063,4026.894,176.253,30.57089,-91.134533
,16940,"Cheyenne, WY Metro Area",1,6956482527,4273816,2685.913,1.65,41.29283,-104.660395
,20940,"El Centro, CA Metro Area",1,10817291631,790230304,4176.58,305.11,33.040814,-115.3554
,23940,"Gillette, WY Micro Area",2,12437264300,11038017,4802.055,4.262,44.191999,-105.517014
,25940,"Hilton Head Island-Bluffton-Beaufort, SC Metro Area",1,3189657197,1013306504,1231.534,391.24,32.386792,-80.830877
,27940,"Juneau, AK Micro Area",2,6829216436,1423792753,2636.775,549.729,58.643523,-134.281167
,30940,"London, KY Micro Area",2,3258431158,47847304,1258.087,18.474,36.92061,-84.045368
,33940,"Montrose, CO Micro Area",2,5804023642,4923261,2240.946,1.901,38.407507,-108.266282
,32940,"Meridian, MS Micro Area",2,5598031466,37039806,2161.412,14.301,32.410674,-88.661926
,31940,"Marinette, WI-MI Micro Area",2,6328631551,1151696290,2443.498,444.672,45.435279,-87.769216
,36940,"Owatonna, MN Micro Area",2,1112775698,6976791,429.645,2.694,44.015261,-93.220453
,44940,"Sumter, SC Metro Area",1,1722537126,44054520,665.075,17.01,33.916253,-80.382288
,40940,"Safford, AZ Micro Area",2,11972778533,47436491,4622.716,18.315,32.931828,-109.87831
,47940,"Waterloo-Cedar Falls, IA Metro Area",1,3893052582,28123594,1503.116,10.859,42.536796,-92.471608
,10980,"Alpena, MI Micro Area",2,1481123848,2908714548,571.865,1123.061,44.894954,-83.426574
,13980,"Blacksburg-Christiansburg-Radford, VA Metro Area",1,3767138333,45451721,1454.5,17.549,37.121364,-80.531517
,19980,"Dodge City, KS Micro Area",2,2844508248,2097356,1098.271,0.81,37.688416,-99.884748
,20980,"El Dorado, AR Micro Area",2,2691555882,41400824,1039.216,15.985,33.168219,-92.598145
,21980,"Fallon, NV Micro Area",2,12770128151,242405502,4930.574,93.593,39.53771,-118.264165
,24980,"Grenada, MS Micro Area",2,1093252402,70698246,422.107,27.297,33.770031,-89.80274
,27980,"Kahului-Wailuku-Lahaina, HI Metro Area",1,3039406468,3309058671,1173.521,1277.635,20.855931,-156.60155
,31980,"Marion, IN Micro Area",2,1072452772,2133506,414.076,0.824,40.515758,-85.654946
,36980,"Owensboro, KY Metro Area",1,2327090349,85985603,898.495,33.199,37.693723,-87.077058
,43980,"Spencer, IA Micro Area",2,1469139466,13866649,567.238,5.354,43.081224,-95.149875
,45980,"Troy, AL Micro Area",2,1740647521,2336975,672.068,0.902,31.798651,-85.941604
,47980,"Watertown, SD Micro Area",2,1780837027,76608850,687.585,29.579,44.966285,-97.198837
